,n_cells_pos1,n_cells_pos2,n_active_cells_pos2,n_percentage_active_cells,recording,animal,genotype,genotype_2,control,rel_percentage_active_cells
0,21,21,11,52.38095238095239,230223_slice05_500pM_AngII_ctrl_results.ome.csv,114001,wt,wt_ctrl,y,0.6938463551780782
1,20,20,14,70.0,230224_slice02_500pM_AngII_ctrl_results.csv,114002,wt,wt_ctrl,y,0.9272310382834318
2,25,25,16,64.0,230224_slice03_500pM_AngII_ctrl_results.csv,114002,wt,wt_ctrl,y,0.8477540921448519
3,39,39,30,76.92307692307693,230227_slice01_500pM_AngII_ctrl_results.csv,6092,wt,wt_ctrl,y,1.0189352069048703
4,19,19,8,42.10526315789473,230228_slice01_500pM_AngII_ctrl_results.csv,6223,wt,wt_ctrl,y,0.5577329553584551
5,14,14,8,57.14285714285714,230302_slice03_500pM_AngII_ctrl_results.csv,6096,KO,KO_ctrl,y,0.6836215666327569
6,22,22,19,86.36363636363636,230302_slice06_500pM_AngII_ctrl_results.csv,6093,wt,wt_ctrl,y,1.1439863459341042
7,11,11,9,81.81818181818183,220601_slice03_rec01_ctrl_dp_results.csv,5250,wt,wt_ctrl,y,1.083776538253362
8,26,26,23,88.46153846153845,220603_slice03_rec01_ctrl_dp_results.csv,5251,wt,wt_ctrl,y,1.1717754879406006
9,20,20,14,70.0,220607_slice03_rec01_ctrl_dp_results.csv,5255,wt,wt_ctrl,y,0.9272310382834318
10,10,10,8,80.0,220610_slice03_rec01_ctrl_dp_results.csv,5254,wt,wt_ctrl,y,1.0596926151810648
11,9,9,7,77.77777777777779,210323_s4r1_Results.csv,3904,wt,wt_ctrl,y,1.0302567092038133
12,8,8,7,87.5,210324_s4r1_Results.csv,3905,wt,wt_ctrl,y,1.1590387978542898
13,11,11,8,72.72727272727273,210421_s3r1_Results.csv,4050,wt,wt_ctrl,y,0.9633569228918772
14,9,9,9,100.0,210421_s5r1_Results.csv,4050,wt,wt_ctrl,y,1.3246157689763312
15,6,6,6,100.0,210622_slice04_rec01_1_Results.csv,4080,wt,wt_ctrl,y,1.3246157689763312
16,12,12,7,58.333333333333336,211214_slice04_rec01_ctrl_Results.csv,4719,wt,wt_ctrl,y,0.7726925319028598
17,8,8,8,100.0,220128_slice05_rec01_ctrl_Results.csv,4653,KO,KO_ctrl,y,1.1963377416073246
18,7,7,5,71.42857142857143,220211_slice05_rec01_ctrl_Results.csv,4689,KO,KO_ctrl,y,0.8545269582909462
19,20,20,15,75.0,220217_slice01_rec01_ctrl_Results.csv,4812,wt,wt_ctrl,y,0.9934618267322484
20,8,8,7,87.5,220405_slice04_rec01_ctrl_results.csv,4686,KO,KO_ctrl,y,1.046795523906409
21,14,14,14,100.0,220406_slice01_rec01_ctrl_results.csv,4690,KO,KO_ctrl,y,1.1963377416073246
22,18,18,15,83.33333333333334,220407_slice01_rec01_ctrl_untitled_results.csv,4774,KO,KO_ctrl,y,0.996948118006104
23,14,14,12,85.71428571428571,220408_slice01_rec01_ctrl_Results.csv,4773,KO,KO_ctrl,y,1.0254323499491353
24,12,12,5,41.66666666666667,201105_slice03_rec02_Results.csv,2910,wt,wt,n,0.5519232370734714
25,23,23,6,26.08695652173913,210323_s1r1_Results.csv,3904,wt,wt,n,0.34555193973295595
26,23,23,1,4.3478260869565215,210323_s2r1_Results.csv,3904,wt,wt,n,0.05759198995549265
27,11,11,7,63.63636363636363,210324_s3r1_Results.csv,3905,wt,wt,n,0.8429373075303925
28,19,19,7,36.84210526315789,210331_s1r1_Results.csv,3902,wt,wt,n,0.48801633593864824
29,15,15,12,80.0,210331_s3r1_Results.csv,3902,wt,wt,n,1.0596926151810648
30,19,19,2,10.526315789473683,210407_s3r1_Results.csv,3968,wt,wt,n,0.13943323883961378
31,18,18,9,50.0,210407_s5r1_Results.csv,3968,wt,wt,n,0.6623078844881656
32,16,16,0,0.0,210408_s2r1_Results.csv,3971,wt,wt,n,0.0
33,29,29,5,17.24137931034483,210408_s5r1_Results.csv,3971,wt,wt,n,0.22838202913385022
34,10,10,9,90.0,210413_s1r1_Results.csv,3996,KO,KO,n,1.0767039674465921
35,7,7,6,85.71428571428571,210413_s3r1_Results.csv,3996,KO,KO,n,1.0254323499491353
36,7,7,7,100.0,210413_s4r1_Results.csv,3996,KO,KO,n,1.1963377416073246
37,9,9,9,100.0,210415_s1r1_Results.csv,3995,KO,KO,n,1.1963377416073246
38,11,11,11,100.0,210415_s3r1_Results.csv,3995,KO,KO,n,1.1963377416073246
39,12,12,11,91.66666666666666,210415_s5r1_Results.csv,3995,KO,KO,n,1.0966429298067142
40,9,9,7,77.77777777777779,210421_s1r1_Results.csv,4050,wt,wt,n,1.0302567092038133
41,14,14,9,64.28571428571429,210421_s2r1_Results.csv,4050,wt,wt,n,0.8515387086276415
42,7,7,1,14.285714285714285,210421_s4r1_Results.csv,4050,wt,wt,n,0.18923082413947587
43,12,12,10,83.33333333333334,210604_slice01_rec02_Results.csv,4067,KO,KO,n,0.996948118006104
44,34,34,13,38.23529411764706,210917_slice01_rec01_TTAP2_Results.csv,4368,wt,wt,n,0.5064707351968325
45,12,12,3,25.0,211206_slice02_rec01_TTAP2_Results.csv,4722,wt,wt,n,0.3311539422440828
46,30,30,0,0.0,211213_slice04_rec01_TTAP2_Results.csv,4718,wt,wt,n,0.0
47,17,17,16,94.11764705882352,220405_slice02_rec01_TTAP2_results.csv,4686,KO,KO,n,1.125964933277482
48,16,16,10,62.5,220406_slice03_rec01_TTAP2_results.csv,4690,KO,KO,n,0.7477110885045779
49,18,18,18,100.0,220406_slice04_rec01_TTAP2_results.csv,4690,KO,KO,n,1.1963377416073246
50,14,14,13,92.85714285714286,220407_slice02_rec01_TTAP2_results.csv,4774,KO,KO,n,1.11088504577823
51,13,13,12,92.3076923076923,220408_slice03_rec01_TTAP2_results.csv,4773,KO,KO,n,1.1043117614836842
52,16,16,13,81.25,220408_slice04_rec01_TTAP2_results.csv,4773,KO,KO,n,0.9720244150559513
