,recording,pos,animal,genotype_2,control,genotype,start,dt,end,n_cells,angiotensin,potassium,TTA-P2,isra,start_corr,end_corr,activity,num_events,len_seg,ISI,intraburst_freq,burst_num_spikes,burst_length,burst_n,burst_per_cell_per_sec,activity_pos1,freq_pos1,activity_pos2,freq_pos2,freq_exist,count,rel_activity,rel_intraburst_freq,rel_freq_pos1
0,201105_slice03_rec02_Results.csv,1,2910,wt,n,wt,0.0,0.10000000000000002,2250.0,13.0,500.0,4.0,0.0,,1050.0,2250.0,0.6722222222222222,80.66666666666667,120.0,5.0,1.2826488191570506,36.0,35.76666666666667,1.3333333333333333,0.011111111111111066,0.6722222222222222,1.2826488191570506,,,1.0,11.0,1.0423897316402133,1.424009067260359,1.424009067260359
1,201105_slice03_rec02_Results.csv,2,2910,wt,n,wt,2251.0,0.10000000000000002,27000.0,13.0,500.0,4.0,15.0,,5551.0,6751.0,0.3993055555555555,47.916666666666664,120.0,4.2,1.0443248840890023,,,,,0.6722222222222222,1.2826488191570506,0.3993055555555555,1.0443248840890023,1.0,6.0,0.888395992989956,1.2691697352130753,1.424009067260359
2,210323_s1r1_Results.csv,1,3904,wt,n,wt,0.0,0.1,3600.0,29.0,500.0,4.0,0.0,,2400.0,3600.0,0.2416666666666666,29.0,120.0,23.100000000000005,0.3558327846622962,15.454545454545455,42.05909090909091,1.2727272727272727,0.010606060606060563,0.2416666666666666,0.3558327846622962,,,1.0,13.0,0.37474341592024196,0.3950489831820208,0.3950489831820208
3,210323_s1r1_Results.csv,2,3904,wt,n,wt,3601.0,0.1,9620.0,29.0,500.0,4.0,15.0,,6901.0,8101.0,0.07427536231884056,8.91304347826087,120.0,,0.4370920270128657,14.5,28.25,1.0,0.0083333333333333,0.2416666666666666,0.3558327846622962,0.07427536231884056,0.4370920270128657,1.0,4.0,0.16525173102119403,0.5311986534454609,0.3950489831820208
4,210323_s2r1_Results.csv,1,3904,wt,n,wt,0.0,0.1,2850.0,29.0,500.0,4.0,0.0,,1650.0,2850.0,0.26014492753623186,31.217391304347824,120.0,4.1000000000000005,0.3622651997444027,14.4,36.32,1.2,0.00999999999999996,0.26014492753623186,0.3622651997444027,,,1.0,11.0,0.4033969604658677,0.4021903123318981,0.4021903123318981
5,210323_s2r1_Results.csv,2,3904,wt,n,wt,2851.0,0.1,10000.0,29.0,500.0,4.0,15.0,,6151.0,7351.0,0.011594202898550721,1.391304347826087,120.0,41.8,0.3325355915562101,11.0,29.1,2.0,0.0166666666666666,0.26014492753623186,0.3622651997444027,0.011594202898550721,0.3325355915562101,1.0,1.0,0.0257953921594059,0.40413104687482476,0.4021903123318981
6,210323_s4r1_Results.csv,1,3904,wt_ctrl,y,wt,0.0,0.1,3600.0,12.0,500.0,4.0,0.0,,2400.0,3600.0,0.3018518518518518,36.22222222222222,120.0,4.7,0.36079213352371714,14.0,42.23333333333333,1.3333333333333333,0.011111111111111066,0.3018518518518518,0.36079213352371714,,,1.0,6.0,0.468070320268195,0.40055490003228694,0.40055490003228694
7,210323_s4r1_Results.csv,2,3904,wt_ctrl,y,wt,3601.0,0.1,27000.0,12.0,500.0,4.0,0.0,,6901.0,8101.0,0.24351851851851844,29.22222222222222,120.0,10.0,0.36893551589090545,10.0,19.700000000000003,3.0,0.025,0.3018518518518518,0.36079213352371714,0.24351851851851844,0.36893551589090545,1.0,4.0,0.5417928026814107,0.44836793429701904,0.40055490003228694
8,210324_s3r1_Results.csv,1,3905,wt,n,wt,0.0,0.1,2800.0,14.0,500.0,4.0,0.0,,1600.0,2800.0,0.6386363636363636,76.63636363636364,120.0,48.7,0.9205081680245136,23.666666666666668,25.96666666666667,1.3333333333333333,0.011111111111111066,0.6386363636363636,0.9205081680245136,,,1.0,11.0,0.9903094031998871,1.0219570299964003,1.0219570299964003
9,210324_s3r1_Results.csv,2,3905,wt,n,wt,2801.0,0.1,8600.0,14.0,500.0,4.0,15.0,,6101.0,7301.0,0.4825757575757576,57.90909090909091,120.0,9.6,0.9624694499410584,32.0,34.06666666666667,1.6666666666666667,0.013888888888888834,0.6386363636363636,0.9205081680245136,0.4825757575757576,0.9624694499410584,1.0,8.0,1.0736599162711817,1.1696906925644626,1.0219570299964003
10,210324_s4r1_Results.csv,1,3905,wt_ctrl,y,wt,0.0,0.1,3600.0,10.0,500.0,4.0,0.0,,2400.0,3600.0,0.5249999999999999,63.0,120.0,44.8,0.8464600718235024,28.125,30.3,1.75,0.014583333333333275,0.5249999999999999,0.8464600718235024,,,1.0,8.0,0.814097765619836,0.9397481207230847,0.9397481207230847
11,210324_s4r1_Results.csv,2,3905,wt_ctrl,y,wt,3601.0,0.1,27000.0,10.0,500.0,4.0,0.0,,6901.0,8101.0,0.5125,61.5,120.0,16.55,0.8202004797406675,39.333333333333336,45.93333333333334,1.6666666666666667,0.013888888888888834,0.5249999999999999,0.8464600718235024,0.5125,0.8202004797406675,1.0,7.0,1.140236944046239,0.9967909810002991,0.9397481207230847
12,210331_s1r1_Results.csv,1,3902,wt,n,wt,0.0,0.1,2850.0,19.0,500.0,4.0,0.0,,1650.0,2850.0,0.7464912280701753,89.57894736842105,120.0,18.16,0.8692621611556693,33.5,38.49166666666667,1.8333333333333333,0.015277777777777732,0.7464912280701753,0.8692621611556693,,,1.0,19.0,1.1575558872890233,0.9650632198184285,0.9650632198184285
13,210331_s1r1_Results.csv,2,3902,wt,n,wt,2851.0,0.1,8100.0,19.0,500.0,4.0,15.0,,6151.0,7351.0,0.41491228070175434,49.78947368421053,120.0,3.9,1.1532333288012624,16.5,23.450000000000003,2.0,0.0166666666666666,0.7464912280701753,0.8692621611556693,0.41491228070175434,1.1532333288012624,1.0,7.0,0.9231186555992659,1.4015263457313658,0.9650632198184285
14,210331_s3r1_Results.csv,1,3902,wt,n,wt,0.0,0.1,2650.0,15.0,500.0,4.0,0.0,,1450.0,2650.0,0.8494444444444443,101.93333333333334,120.0,38.42857142857143,1.0320284496204435,22.0,32.6,1.0,0.0083333333333333,0.8494444444444443,1.0320284496204435,,,1.0,15.0,1.317201569981724,1.1457679202449087,1.1457679202449087
15,210331_s3r1_Results.csv,2,3902,wt,n,wt,2651.0,0.1,10110.0,15.0,500.0,4.0,15.0,,5951.0,7151.0,0.7944444444444444,95.33333333333333,120.0,15.325,1.0400434424832723,20.0,28.1,2.5,0.0208333333333333,0.8494444444444443,1.0320284496204435,0.7944444444444444,1.0400434424832723,1.0,12.0,1.7675217669226253,1.2639664922454286,1.1457679202449087
16,210407_s3r1_Results.csv,1,3968,wt,n,wt,0.0,0.1,3000.0,23.0,500.0,4.0,0.0,,1800.0,3000.0,0.6175438596491227,74.10526315789474,120.0,21.2875,0.7671688518746533,54.6,60.83,1.4,0.011666666666666641,0.6175438596491227,0.7671688518746533,,,1.0,19.0,0.957602050119239,0.8517182449886641,0.8517182449886641
17,210407_s3r1_Results.csv,2,3968,wt,n,wt,3001.0,0.1,9510.0,23.0,500.0,4.0,15.0,,6301.0,7501.0,0.05745614035087718,6.894736842105263,120.0,,1.041366655706974,27.5,19.45,1.0,0.0083333333333333,0.6175438596491227,0.7671688518746533,0.05745614035087718,1.041366655706974,1.0,3.0,0.12783144173731903,1.2655745954347162,0.8517182449886641
18,210407_s5r1_Results.csv,1,3968,wt,n,wt,0.0,0.1,3040.0,18.0,500.0,4.0,0.0,,1840.0,3040.0,0.7171296296296296,86.05555555555556,120.0,35.13333333333333,0.8898151399322715,35.0,41.733333333333334,1.8333333333333333,0.015277777777777732,0.7171296296296296,0.8898151399322715,,,1.0,18.0,1.1120259602690705,0.9878813347224953,0.9878813347224953
19,210407_s5r1_Results.csv,2,3968,wt,n,wt,3041.0,0.1,9200.0,18.0,500.0,4.0,15.0,,6341.0,7541.0,0.33287037037037037,39.94444444444444,120.0,20.575,0.8619337133304418,31.833333333333332,39.483333333333334,1.5,0.01249999999999995,0.7171296296296296,0.8898151399322715,0.33287037037037037,0.8619337133304418,1.0,10.0,0.7405875002432213,1.0475094478602778,0.9878813347224953
20,210408_s2r1_Results.csv,1,3971,wt,n,wt,0.0,0.1,2250.0,18.0,500.0,4.0,0.0,,1050.0,2250.0,0.5781249999999999,69.375,120.0,26.49,0.7936838407572654,27.8,37.83,2.2,0.018333333333333302,0.5781249999999999,0.7936838407572654,,,1.0,16.0,0.8964767061885098,0.8811554409094939,0.8811554409094939
21,210408_s2r1_Results.csv,2,3971,wt,n,wt,2251.0,0.1,7780.0,18.0,500.0,4.0,15.0,,5551.0,6751.0,0.01145833333333333,1.375,120.0,,0.8292682926829267,,,,,0.5781249999999999,0.7936838407572654,0.01145833333333333,0.8292682926829267,1.0,1.0,0.02549310240753786,1.0078111088611115,0.8811554409094939
22,210408_s5r1_Results.csv,1,3971,wt,n,wt,0.0,0.1,2620.0,30.0,500.0,4.0,0.0,,1420.0,2620.0,0.632758620689655,75.93103448275862,120.0,21.18,0.7951559146130481,28.916666666666668,44.48333333333334,1.8333333333333333,0.015277777777777717,0.632758620689655,0.7951559146130481,,,1.0,29.0,0.981195008152643,0.8827897514760363,0.8827897514760363
23,210408_s5r1_Results.csv,2,3971,wt,n,wt,2621.0,0.1,9200.0,30.0,500.0,4.0,15.0,,5921.0,7121.0,0.09511494252873562,11.413793103448276,120.0,41.7,0.8889843315727578,15.583333333333334,16.591666666666665,1.5,0.01249999999999995,0.632758620689655,0.7951559146130481,0.09511494252873562,0.8889843315727578,1.0,7.0,0.21161672468702278,1.0803841083371264,0.8827897514760363
24,210413_s1r1_Results.csv,1,3996,KO,n,KO,0.0,0.1,3000.0,10.0,500.0,4.0,0.0,,1800.0,3000.0,1.1558333333333333,138.7,120.0,5.228571428571429,1.22530094536644,39.666666666666664,33.96666666666667,2.8333333333333335,0.023611111111111083,1.1558333333333333,1.22530094536644,,,1.0,10.0,0.9548345301280049,0.8669049081593744,0.8669049081593744
25,210413_s1r1_Results.csv,2,3996,KO,n,KO,3001.0,0.1,9300.0,10.0,500.0,4.0,15.0,,6301.0,7501.0,1.2341666666666666,148.1,120.0,2.8333333333333335,1.3868224118599575,54.333333333333336,37.26666666666667,3.3333333333333335,0.027777777777777735,1.1558333333333333,1.22530094536644,1.2341666666666666,1.3868224118599575,1.0,9.0,1.4109865894692497,1.0219553074115468,0.8669049081593744
26,210413_s3r1_Results.csv,1,3996,KO,n,KO,0.0,0.1,3000.0,7.0,500.0,4.0,0.0,,1800.0,3000.0,0.8797619047619047,105.57142857142857,120.0,8.808333333333334,1.176633223475492,31.642857142857142,23.466666666666665,2.7142857142857144,0.022619047619047615,0.8797619047619047,1.176633223475492,,,1.0,7.0,0.7267717764595691,0.832472316610544,0.832472316610544
27,210413_s3r1_Results.csv,2,3996,KO,n,KO,3001.0,0.1,9000.0,7.0,500.0,4.0,15.0,,6301.0,7501.0,0.8083333333333333,97.0,120.0,11.873611111111112,1.1011593037752627,21.14,19.157333333333334,4.8,0.03999999999999996,0.8797619047619047,1.176633223475492,0.8083333333333333,1.1011593037752627,1.0,6.0,0.9241438161952548,0.811448953503335,0.832472316610544
28,210413_s4r1_Results.csv,1,3996,KO,n,KO,0.0,0.1,2650.0,7.0,500.0,4.0,0.0,,1450.0,2650.0,0.9595238095238096,115.14285714285714,120.0,5.811111111111111,1.0826114809007705,24.833333333333332,23.679166666666667,3.0,0.024999999999999974,0.9595238095238096,1.0826114809007705,,,1.0,7.0,0.7926631283172026,0.7659515892578467,0.7659515892578467
29,210413_s4r1_Results.csv,2,3996,KO,n,KO,2651.0,0.1,8020.0,7.0,500.0,4.0,15.0,,5951.0,7151.0,1.0523809523809524,126.28571428571429,120.0,6.194,1.1941924046245787,33.160000000000004,27.332,3.4,0.02833333333333332,0.9595238095238096,1.0826114809007705,1.0523809523809524,1.1941924046245787,1.0,7.0,1.203156308566429,0.8800054394418626,0.7659515892578467
30,210415_s1r1_Results.csv,1,3995,KO,n,KO,0.0,0.1,3000.0,9.0,500.0,4.0,0.0,,1800.0,3000.0,1.0564814814814814,126.77777777777777,120.0,16.616666666666667,1.3028441993236608,43.55555555555555,35.644444444444446,3.1666666666666665,0.026388888888888868,1.0564814814814814,1.3028441993236608,,,1.0,9.0,0.8727599125819543,0.9217670444405636,0.9217670444405636
31,210415_s1r1_Results.csv,2,3995,KO,n,KO,3001.0,0.1,9120.0,9.0,500.0,4.0,15.0,,6301.0,7501.0,0.8444444444444444,101.33333333333333,120.0,29.285714285714285,1.2400800042425102,34.285714285714285,26.810714285714287,2.4285714285714284,0.020238095238095197,1.0564814814814814,1.3028441993236608,0.8444444444444444,1.2400800042425102,1.0,9.0,0.9654285914892008,0.9138202058985333,0.9217670444405636
32,210415_s3r1_Results.csv,1,3995,KO,n,KO,0.0,0.1,3900.0,12.0,500.0,4.0,0.0,,2700.0,3900.0,0.9371212121212121,112.45454545454545,120.0,13.731250000000001,1.239505079459149,28.571428571428573,22.50714285714286,2.2857142857142856,0.019047619047619015,0.9371212121212121,1.239505079459149,,,1.0,11.0,0.7741563307126841,0.8769543850717101,0.8769543850717101
33,210415_s3r1_Results.csv,2,3995,KO,n,KO,3901.0,0.1,9150.0,12.0,500.0,4.0,15.0,,7201.0,8401.0,0.9674242424242423,116.0909090909091,120.0,16.3625,1.1486205443879614,20.98809523809524,18.363809523809525,3.4285714285714284,0.02857142857142853,0.9371212121212121,1.239505079459149,0.9674242424242423,1.1486205443879614,1.0,11.0,1.1060277912664855,0.8464233426721925,0.8769543850717101
34,210415_s5r1_Results.csv,1,3995,KO,n,KO,0.0,0.10000000000000002,3400.0,12.0,500.0,4.0,0.0,,2200.0,3400.0,0.8624999999999999,103.5,120.0,2.5805555555555557,1.057101463234956,43.6,44.47,2.4,0.01999999999999996,0.8624999999999999,1.057101463234956,,,1.0,10.0,0.7125117077739619,0.7479031582945349,0.7479031582945349
35,210415_s5r1_Results.csv,2,3995,KO,n,KO,3401.0,0.10000000000000002,8600.0,12.0,500.0,4.0,15.0,,6701.0,7901.0,0.6090277777777777,73.08333333333333,120.0,7.844444444444445,0.8679621568337488,19.916666666666668,22.16111111111111,2.6666666666666665,0.022222222222222185,0.8624999999999999,1.057101463234956,0.6090277777777777,0.8679621568337488,1.0,8.0,0.6962836140921291,0.6396049885139835,0.7479031582945349
36,210421_s1r1_Results.csv,1,4050,wt,n,wt,0.0,0.1,2900.0,9.0,500.0,4.0,0.0,,1700.0,2900.0,0.7055555555555555,84.66666666666667,120.0,24.733333333333334,0.9703341280883743,33.375,35.25,2.0,0.016666666666666625,0.7055555555555555,0.9703341280883743,,,1.0,9.0,1.094078478663695,1.0772742905404982,1.0772742905404982
37,210421_s1r1_Results.csv,2,4050,wt,n,wt,2901.0,0.1,9650.0,9.0,500.0,4.0,15.0,,6201.0,7401.0,0.46574074074074073,55.888888888888886,120.0,14.166666666666666,0.8282043650918871,17.3,22.78,1.6,0.01333333333333328,0.7055555555555555,0.9703341280883743,0.46574074074074073,0.8282043650918871,1.0,8.0,1.0362044857366908,1.0065181159241638,1.0772742905404982
38,210421_s2r1_Results.csv,1,4050,wt,n,wt,0.0,0.1,3655.0,15.0,500.0,4.0,0.0,,2455.0,3655.0,0.6261904761904761,75.14285714285714,120.0,19.285714285714285,0.8618013723117466,29.375,36.38125,2.375,0.019791666666666624,0.6261904761904761,0.8618013723117466,,,1.0,14.0,0.971010033369691,0.9567801802178907,0.9567801802178907
39,210421_s2r1_Results.csv,2,4050,wt,n,wt,3656.0,0.1,9800.0,15.0,500.0,4.0,15.0,,6956.0,8156.0,0.4702380952380953,56.42857142857143,120.0,41.625,0.9122227117260341,21.333333333333332,25.700000000000003,1.6666666666666667,0.013888888888888834,0.6261904761904761,0.8618013723117466,0.4702380952380953,0.9122227117260341,1.0,12.0,1.0462104364651905,1.1086257496455614,0.9567801802178907
40,210421_s3r1_Results.csv,1,4050,wt_ctrl,y,wt,0.0,0.1,3600.0,11.0,500.0,4.0,0.0,,2400.0,3600.0,0.4969696969696969,59.63636363636363,120.0,26.9,0.835702242498952,26.071428571428573,31.535714285714285,2.142857142857143,0.0178571428571428,0.4969696969696969,0.835702242498952,,,1.0,11.0,0.7706322283500902,0.9278046750399032,0.9278046750399032
41,210421_s3r1_Results.csv,2,4050,wt_ctrl,y,wt,3601.0,0.1,11000.0,11.0,500.0,4.0,0.0,,6901.0,8101.0,0.3037878787878787,36.45454545454545,120.0,44.84,0.8409296821321758,24.333333333333332,28.466666666666665,1.4444444444444444,0.01203703703703699,0.4969696969696969,0.835702242498952,0.3037878787878787,0.8409296821321758,1.0,11.0,0.6758832439948881,1.0219832144817016,0.9278046750399032
42,210421_s4r1_Results.csv,1,4050,wt,n,wt,0.0,0.1,3550.0,7.0,500.0,4.0,0.0,,2350.0,3550.0,0.7488095238095237,89.85714285714286,120.0,19.92,1.0846766019141356,42.0,40.800000000000004,2.25,0.01874999999999995,0.7488095238095237,1.0846766019141356,,,1.0,7.0,1.1611507813489272,1.2042184057721887,1.2042184057721887
43,210421_s4r1_Results.csv,2,4050,wt,n,wt,3551.0,0.1,10050.0,7.0,500.0,4.0,15.0,,6851.0,8051.0,0.07738095238095237,9.285714285714286,120.0,25.700000000000003,0.7018673710068368,23.0,33.7,2.0,0.0166666666666666,0.7488095238095237,1.0846766019141356,0.07738095238095237,0.7018673710068368,1.0,1.0,0.17216121106389207,0.8529805609223874,1.2042184057721887
44,210421_s5r1_Results.csv,1,4050,wt_ctrl,y,wt,0.0,0.1,3600.0,10.0,500.0,4.0,0.0,,2400.0,3600.0,0.7925925925925924,95.11111111111111,120.0,18.85,0.9216298813672272,64.6,68.56,1.6,0.01333333333333328,0.7925925925925924,0.9216298813672272,,,1.0,9.0,1.2290435403361193,1.0232023669483656,1.0232023669483656
45,210421_s5r1_Results.csv,2,4050,wt_ctrl,y,wt,3601.0,0.1,11000.0,10.0,500.0,4.0,0.0,,6901.0,8101.0,0.5805555555555555,69.66666666666667,120.0,24.96666666666667,0.8288004388175373,24.125,29.4375,2.0,0.0166666666666666,0.7925925925925924,0.9216298813672272,0.5805555555555555,0.8288004388175373,1.0,9.0,1.2916505219819185,1.007242525295306,1.0232023669483656
46,210604_slice01_rec02_Results.csv,1,4067,KO,n,KO,0.0,0.10000000000000002,2990.0,12.0,500.0,4.0,0.0,,1790.0,2990.0,1.0902777777777777,130.83333333333334,120.0,14.085714285714285,1.2538799561957372,48.083333333333336,39.108333333333334,2.5,0.0208333333333333,1.0902777777777777,1.2538799561957372,,,1.0,12.0,0.9006790508897907,0.8871246630301651,0.8871246630301651
47,210604_slice01_rec02_Results.csv,2,4067,KO,n,KO,2991.0,0.10000000000000002,10580.0,12.0,500.0,4.0,15.0,,6291.0,7491.0,0.6840277777777777,82.08333333333333,120.0,3.4291666666666667,1.1144346583578013,20.11111111111111,21.372222222222224,2.6666666666666665,0.0222222222222222,1.0902777777777777,1.2538799561957372,0.6840277777777777,1.1144346583578013,1.0,9.0,0.7820289166257094,0.8212316185059867,0.8871246630301651
48,210622_slice04_rec01_1_Results.csv,1,4080,wt_ctrl,y,wt,0.0,0.10000000000000002,3600.0,6.0,500.0,4.0,0.0,,2400.0,3600.0,1.4194444444444443,170.33333333333334,120.0,45.900000000000006,1.767489237654665,14.0,9.0,2.0,0.0166666666666666,1.4194444444444443,1.767489237654665,,,1.0,6.0,2.2010791440832604,1.9622835675001422,1.9622835675001422
49,210622_slice04_rec01_1_Results.csv,2,4080,wt_ctrl,y,wt,3601.0,0.10000000000000002,27000.0,6.0,500.0,4.0,0.0,,6901.0,8101.0,1.4583333333333333,175.0,120.0,4.6000000000000005,1.7932157135242726,,,,,1.4194444444444443,1.767489237654665,1.4583333333333333,1.7932157135242726,1.0,6.0,3.244576670050274,2.1792979818716685,1.9622835675001422
50,210917_slice01_rec01_TTAP2_Results.csv,1,4368,wt,n,wt,0.0,0.1,6000.0,34.0,500.0,4.0,0.0,,4800.0,6000.0,0.842892156862745,101.1470588235294,120.0,10.423076923076923,1.0346306823022475,23.348484848484848,22.19393939393939,2.272727272727273,0.0189393939393939,0.842892156862745,1.0346306823022475,,,1.0,33.0,1.3070411839246574,1.1486569440202907,1.1486569440202907
51,210917_slice01_rec01_TTAP2_Results.csv,2,4368,wt,n,wt,6001.0,0.1,12300.0,34.0,500.0,4.0,15.0,,9301.0,10501.0,0.2490196078431372,29.88235294117647,120.0,21.483333333333334,1.0605455793564116,44.5875,32.71125,2.0,0.016666666666666614,0.842892156862745,1.0346306823022475,0.2490196078431372,1.0605455793564116,1.0,13.0,0.5540319154237106,1.2888827726319512,1.1486569440202907
52,211206_slice02_rec01_TTAP2_Results.csv,1,4722,wt,n,wt,0.0,0.10000000000000002,4800.0,16.0,500.0,4.0,0.0,,3600.0,4800.0,1.128472222222222,135.41666666666666,120.0,24.3,1.5666629563372922,62.8,45.220000000000006,1.6,0.01333333333333328,1.128472222222222,1.5666629563372922,,,1.0,12.0,1.7498794565241185,1.7393242966000515,1.7393242966000515
53,211206_slice02_rec01_TTAP2_Results.csv,2,4722,wt,n,wt,4801.0,0.10000000000000002,9400.0,16.0,500.0,4.0,15.0,,8101.0,9301.0,0.13541666666666666,16.25,120.0,,1.234822444798543,35.0,26.0,1.0,0.0083333333333333,1.128472222222222,1.5666629563372922,0.13541666666666666,1.234822444798543,1.0,5.0,0.30128211936181115,1.5006817314970395,1.7393242966000515
54,211213_slice04_rec01_TTAP2_Results.csv,1,4718,wt,n,wt,0.0,0.1,6000.0,48.0,500.0,4.0,0.0,,4800.0,6000.0,0.48611111111111105,58.333333333333336,120.0,7.56,0.7039179245766695,26.4375,39.73125,1.625,0.013541666666666613,0.48611111111111105,0.7039179245766695,,,1.0,29.0,0.7537942274257742,0.7814964565772825,0.7814964565772825
55,211213_slice04_rec01_TTAP2_Results.csv,2,4718,wt,n,wt,6001.0,0.1,12000.0,48.0,500.0,4.0,15.0,,9301.0,10501.0,0.020277777777777766,2.433333333333333,120.0,,0.8911047070230956,15.0,15.600000000000001,1.0,0.0083333333333333,0.48611111111111105,0.7039179245766695,0.020277777777777766,0.8911047070230956,1.0,3.0,0.04511506607879426,1.0829610040808346,0.7814964565772825
56,211214_slice04_rec01_ctrl_Results.csv,1,4719,wt_ctrl,y,wt,0.0,0.10000000000000002,4500.0,37.0,500.0,4.0,0.0,,3300.0,4500.0,0.5965277777777778,71.58333333333333,120.0,23.05,1.0519294492715556,55.583333333333336,55.09166666666667,1.3333333333333333,0.011111111111111066,0.5965277777777778,1.0519294492715556,,,1.0,12.0,0.9250132019410572,1.167862201647166,1.167862201647166
57,211214_slice04_rec01_ctrl_Results.csv,2,4719,wt_ctrl,y,wt,4501.0,0.10000000000000002,12900.0,37.0,500.0,4.0,0.0,,7801.0,9001.0,0.3319444444444444,39.833333333333336,120.0,11.15,0.7898972717076739,27.0,46.96666666666667,1.6666666666666667,0.013888888888888834,0.5965277777777778,1.0519294492715556,0.3319444444444444,0.7898972717076739,1.0,8.0,0.7385274515638242,0.9599634428449758,1.167862201647166
58,220128_slice05_rec01_ctrl_Results.csv,1,4653,KO_ctrl,y,KO,0.0,0.1,5500.0,8.0,500.0,4.0,0.0,,4300.0,5500.0,1.1312499999999999,135.75,120.0,7.165238095238095,1.3780903671231488,33.528571428571425,23.85452380952381,3.4285714285714284,0.028571428571428546,1.1312499999999999,1.3780903671231488,,,1.0,8.0,0.9345262254136746,0.9750039838489893,0.9750039838489893
59,220128_slice05_rec01_ctrl_Results.csv,2,4653,KO_ctrl,y,KO,5501.0,0.1,27000.0,8.0,500.0,4.0,0.0,,8801.0,10001.0,1.0614583333333332,127.375,120.0,11.044444444444444,1.4146173706314462,26.504761904761903,18.559047619047618,3.2857142857142856,0.027380952380952343,1.1312499999999999,1.3780903671231488,1.0614583333333332,1.4146173706314462,1.0,8.0,1.2135342122460882,1.0424375302202422,0.9750039838489893
60,220211_slice05_rec01_ctrl_Results.csv,1,4689,KO_ctrl,y,KO,0.0,0.1,5150.0,7.0,500.0,4.0,0.0,,3950.0,5150.0,1.382142857142857,165.85714285714286,120.0,7.455555555555556,1.6344350443363354,31.5,20.8,2.6666666666666665,0.0222222222222222,1.382142857142857,1.6344350443363354,,,1.0,7.0,1.1417889478613796,1.1563687821844568,1.1563687821844568
61,220211_slice05_rec01_ctrl_Results.csv,2,4689,KO_ctrl,y,KO,5151.0,0.1,12000.0,7.0,500.0,4.0,0.0,,8451.0,9651.0,0.7226190476190475,86.71428571428571,120.0,13.066666666666668,1.659552102147392,48.125,27.175,2.25,0.01874999999999995,1.382142857142857,1.6344350443363354,0.7226190476190475,1.659552102147392,1.0,5.0,0.8261491847283057,1.2229309709820144,1.1563687821844568
62,220217_slice01_rec01_ctrl_Results.csv,1,4812,wt_ctrl,y,wt,0.0,0.1,3450.0,23.0,500.0,4.0,0.0,,2250.0,3450.0,0.80375,96.45,120.0,28.512500000000003,0.9213898710421218,24.5,34.983333333333334,2.6666666666666665,0.0222222222222222,0.80375,0.9213898710421218,,,1.0,20.0,1.2463449126037014,1.022935905174822,1.022935905174822
63,220217_slice01_rec01_ctrl_Results.csv,2,4812,wt_ctrl,y,wt,3451.0,0.1,17080.0,23.0,500.0,4.0,0.0,,6751.0,7951.0,0.53125,63.75,120.0,,0.771035507446981,37.333333333333336,54.5,1.0,0.0083333333333333,0.80375,0.9213898710421218,0.53125,0.771035507446981,1.0,16.0,1.1819529298040283,0.937040709970256,1.022935905174822
64,220405_slice02_rec01_TTAP2_results.csv,1,4686,KO,n,KO,0.0,0.1,6030.0,19.0,500.0,4.0,0.0,,4830.0,6030.0,1.096078431372549,131.52941176470588,120.0,22.204545454545453,1.2628716564366496,19.041666666666664,17.55,2.5,0.0208333333333333,1.096078431372549,1.2628716564366496,,,1.0,17.0,0.9054709739031421,0.8934863238948058,0.8934863238948058
65,220405_slice02_rec01_TTAP2_results.csv,2,4686,KO,n,KO,6031.0,0.1,15000.0,19.0,500.0,4.0,15.0,,9331.0,10531.0,0.7200980392156862,86.41176470588235,120.0,20.018333333333334,1.1340635736660993,22.7,21.451666666666668,2.4,0.01999999999999997,1.096078431372549,1.2628716564366496,0.7200980392156862,1.1340635736660993,1.0,17.0,0.8232669896851601,0.835696249309828,0.8934863238948058
66,220405_slice04_rec01_ctrl_results.csv,1,4686,KO_ctrl,y,KO,0.0,0.1,6080.0,8.0,500.0,4.0,0.0,,4880.0,6080.0,1.0395833333333333,124.75,120.0,18.085714285714285,1.297210146679296,48.375,35.725,2.0,0.0166666666666666,1.0395833333333333,1.297210146679296,,,1.0,8.0,0.8588003434280361,0.9177809315523804,0.9177809315523804
67,220405_slice04_rec01_ctrl_results.csv,2,4686,KO_ctrl,y,KO,6080.0,0.1,14080.0,8.0,500.0,4.0,0.0,,9380.0,10580.0,0.6489583333333333,77.875,120.0,3.6625,1.1116836368798286,56.047619047619044,45.37619047619047,2.0,0.016666666666666614,1.0395833333333333,1.297210146679296,0.6489583333333333,1.1116836368798286,1.0,7.0,0.7419350483113965,0.819204379130437,0.9177809315523804
68,220406_slice01_rec01_ctrl_results.csv,1,4690,KO_ctrl,y,KO,0.0,0.1,6000.0,14.0,500.0,4.0,0.0,,4800.0,6000.0,1.406547619047619,168.78571428571428,120.0,8.1875,1.6367967989311014,28.375,24.512500000000003,2.0,0.01666666666666665,1.406547619047619,1.6367967989311014,,,1.0,14.0,1.1619497346237901,1.1580397322133562,1.1580397322133562
69,220406_slice01_rec01_ctrl_results.csv,2,4690,KO_ctrl,y,KO,6001.0,0.1,10540.0,14.0,500.0,4.0,0.0,,9301.0,10501.0,1.3684523809523808,164.21428571428572,120.0,35.9375,1.6134491766630863,41.25,32.8875,2.0,0.016666666666666625,1.406547619047619,1.6367967989311014,1.3684523809523808,1.6134491766630863,1.0,14.0,1.5645115121008029,1.1889575299826753,1.1580397322133562
70,220406_slice03_rec01_TTAP2_results.csv,1,4690,KO,n,KO,0.0,0.1,5090.0,16.0,500.0,4.0,0.0,,3890.0,5090.0,1.2786458333333333,153.4375,120.0,12.827083333333333,1.5926802085506917,28.73333333333333,19.305333333333333,3.4,0.0283333333333333,1.2786458333333333,1.5926802085506917,,,1.0,15.0,1.0562900015610364,1.1268270828828717,1.1268270828828717
71,220406_slice03_rec01_TTAP2_results.csv,2,4690,KO,n,KO,5091.0,0.1,10449.0,16.0,500.0,4.0,15.0,,8391.0,9591.0,0.7203125,86.4375,120.0,7.675,1.4839687015035905,44.18333333333333,27.668333333333333,2.4,0.019999999999999962,1.2786458333333333,1.5926802085506917,0.7203125,1.4839687015035905,1.0,11.0,0.8235121764162612,1.093542819588755,1.1268270828828717
72,220406_slice04_rec01_TTAP2_results.csv,1,4690,KO,n,KO,0.0,0.1,5870.0,19.0,500.0,4.0,0.0,,4670.0,5870.0,0.9624999999999999,115.5,120.0,7.547619047619047,1.1809425414821992,28.625,33.6,2.125,0.0177083333333333,0.9624999999999999,1.1809425414821992,,,1.0,17.0,0.7951217608492038,0.8355211748889623,0.8355211748889623
73,220406_slice04_rec01_TTAP2_results.csv,2,4690,KO,n,KO,5870.0,0.1,12000.0,19.0,500.0,4.0,15.0,,9170.0,10370.0,0.8134259259259259,97.61111111111111,120.0,12.016666666666667,1.1826945617595381,28.976190476190474,29.892857142857142,2.4285714285714284,0.0202380952380952,0.9624999999999999,1.1809425414821992,0.8134259259259259,1.1826945617595381,1.0,13.0,0.929966028095683,0.8715326303502118,0.8355211748889623
74,220407_slice01_rec01_ctrl_untitled_results.csv,1,4774,KO_ctrl,y,KO,0.0,0.1,6040.0,18.0,500.0,4.0,0.0,,4840.0,6040.0,1.513425925925926,181.61111111111111,120.0,10.38,1.5893129327010465,46.875,35.9125,2.75,0.022916666666666627,1.513425925925926,1.5893129327010465,,,1.0,18.0,1.2502419606618795,1.1244447228820713,1.1244447228820713
75,220407_slice01_rec01_ctrl_untitled_results.csv,2,4774,KO_ctrl,y,KO,6041.0,0.1,14730.0,18.0,500.0,4.0,0.0,,9341.0,10541.0,1.050462962962963,126.05555555555556,120.0,12.122222222222222,1.399687971269212,16.5,16.75,2.5,0.0208333333333333,1.513425925925926,1.5893129327010465,1.050462962962963,1.399687971269212,1.0,16.0,1.2009635274610728,1.0314359926158425,1.1244447228820713
76,220407_slice02_rec01_TTAP2_results.csv,1,4774,KO,n,KO,0.0,0.1,6000.0,14.0,500.0,4.0,0.0,,4800.0,6000.0,1.7726190476190475,212.71428571428572,120.0,15.65,1.834194099158784,18.0,18.1,2.0,0.01666666666666665,1.7726190476190475,1.834194099158784,,,1.0,14.0,1.4643615360599438,1.297699045357533,1.297699045357533
77,220407_slice02_rec01_TTAP2_results.csv,2,4774,KO,n,KO,6001.0,0.1,12500.0,14.0,500.0,4.0,15.0,,9301.0,10501.0,1.5119047619047616,181.42857142857142,120.0,14.225000000000001,1.6970418221819703,15.125,13.0,2.75,0.02291666666666665,1.7726190476190475,1.834194099158784,1.5119047619047616,1.6970418221819703,1.0,13.0,1.7285164161531272,1.2505573044152378,1.297699045357533
78,220408_slice01_rec01_ctrl_Results.csv,1,4773,KO_ctrl,y,KO,0.0,0.1,6000.0,14.0,500.0,4.0,0.0,,4800.0,6000.0,1.1577380952380951,138.92857142857142,120.0,9.764285714285716,1.236230128802573,47.75,33.1,3.0,0.024999999999999967,1.1577380952380951,1.236230128802573,,,1.0,14.0,0.9564080549484857,0.8746373454832714,0.8746373454832714
79,220408_slice01_rec01_ctrl_Results.csv,2,4773,KO_ctrl,y,KO,6001.0,0.1,13363.0,14.0,500.0,4.0,0.0,,9301.0,10501.0,0.8803571428571428,105.64285714285714,120.0,17.599999999999998,1.2235755705645255,28.059523809523807,24.726190476190478,3.0,0.024999999999999956,1.1577380952380951,1.236230128802573,0.8803571428571428,1.2235755705645255,1.0,13.0,1.006486527358455,0.9016580188378142,0.8746373454832714
80,220408_slice03_rec01_TTAP2_results.csv,1,4773,KO,n,KO,0.0,0.1,6000.0,13.0,500.0,4.0,0.0,,4800.0,6000.0,1.0493589743589742,125.92307692307692,120.0,14.186111111111112,1.2053829668469294,15.270833333333334,13.55625,2.875,0.0239583333333333,1.0493589743589742,1.2053829668469294,,,1.0,13.0,0.8668760056677632,0.8528128653804365,0.8528128653804365
81,220408_slice03_rec01_TTAP2_results.csv,2,4773,KO,n,KO,6001.0,0.1,12348.0,13.0,500.0,4.0,15.0,,9301.0,10501.0,0.7608974358974359,91.3076923076923,120.0,27.464285714285715,1.2717156229305375,28.071428571428573,23.07857142857143,1.8571428571428572,0.01547619047619043,1.0493589743589742,1.2053829668469294,0.7608974358974359,1.2717156229305375,1.0,12.0,0.8699117445073492,0.9371326272619271,0.8528128653804365
82,220408_slice04_rec01_TTAP2_results.csv,1,4773,KO,n,KO,0.0,0.1,5950.0,17.0,500.0,4.0,0.0,,4750.0,5950.0,1.0729166666666665,128.75,120.0,8.76060606060606,1.2563879084937242,39.94444444444445,31.53888888888889,2.8333333333333335,0.023611111111111083,1.0729166666666665,1.2563879084937242,,,1.0,15.0,0.8863370277864501,0.8888990484697392,0.8888990484697392
83,220408_slice04_rec01_TTAP2_results.csv,2,4773,KO,n,KO,5951.0,0.1,12270.0,17.0,500.0,4.0,15.0,,9251.0,10451.0,0.5927083333333333,71.125,120.0,12.158333333333333,1.2869077504435391,42.9375,31.475,1.75,0.014583333333333288,1.0729166666666665,1.2563879084937242,0.5927083333333333,1.2869077504435391,1.0,13.0,0.6776260714112112,0.9483277703530764,0.8888990484697392
84,220601_slice03_rec01_ctrl_dp_results.csv,1,5250,wt_ctrl,y,wt,0.0,0.1,3600.0,11.0,500.0,4.0,0.0,0.0,2400.0,3600.0,0.681060606060606,81.72727272727273,120.0,25.970000000000006,1.4145681263238101,38.72222222222222,28.727777777777778,1.6666666666666667,0.013888888888888846,0.681060606060606,1.4145681263238101,,,1.0,11.0,1.056095081229773,1.5704671520817575,1.5704671520817575
85,220601_slice03_rec01_ctrl_dp_results.csv,2,5250,wt_ctrl,y,wt,3600.0,0.1,9600.0,11.0,500.0,4.0,0.0,0.0,6900.0,8100.0,0.3106060606060606,37.27272727272727,120.0,30.04,1.103384711711314,31.642857142857142,30.650000000000002,1.7142857142857142,0.01428571428571423,0.681060606060606,1.4145681263238101,0.3106060606060606,1.103384711711314,1.0,9.0,0.6910526933613571,1.3409452400652138,1.5704671520817575
86,220603_slice03_rec01_ctrl_dp_results.csv,1,5251,wt_ctrl,y,wt,0.0,0.1,3900.0,30.0,500.0,4.0,0.0,0.0,2700.0,3900.0,0.7054487179487179,84.65384615384616,120.0,27.991666666666664,0.8805651688741835,20.25,24.450000000000003,2.5,0.0208333333333333,0.7054487179487179,0.8805651688741835,,,1.0,26.0,1.0939128096027224,0.977611927803094,0.977611927803094
87,220603_slice03_rec01_ctrl_dp_results.csv,2,5251,wt_ctrl,y,wt,3900.0,0.1,9900.0,30.0,500.0,4.0,0.0,0.0,7200.0,8400.0,0.4314102564102563,51.76923076923077,120.0,35.50000000000001,0.7413434141429843,22.857142857142858,37.785714285714285,1.2857142857142858,0.010714285714285673,0.7054487179487179,0.8805651688741835,0.4314102564102563,0.7413434141429843,1.0,24.0,0.959824219315971,0.9009558605419781,0.977611927803094
88,220607_slice03_rec01_ctrl_dp_results.csv,1,5255,wt_ctrl,y,wt,0.0,0.1,3600.0,27.0,500.0,4.0,0.0,0.0,2400.0,3600.0,0.52125,62.55,120.0,44.278571428571425,1.0017899030753974,33.0,32.975,1.875,0.015624999999999964,0.52125,1.0017899030753974,,,1.0,18.0,0.8082827815796945,1.1121967947600557,1.1121967947600557
89,220607_slice03_rec01_ctrl_dp_results.csv,2,5255,wt_ctrl,y,wt,3600.0,0.1,9600.0,27.0,500.0,4.0,0.0,0.0,6900.0,8100.0,0.3737499999999999,44.85,120.0,27.766666666666666,0.9299709457544244,19.37878787878788,20.772727272727273,1.7272727272727273,0.014393939393939346,0.52125,1.0017899030753974,0.3737499999999999,0.9299709457544244,1.0,18.0,0.8315386494385987,1.1301952074124915,1.1121967947600557
90,220610_slice03_rec01_ctrl_dp_results.csv,1,5254,wt_ctrl,y,wt,0.0,0.1,3600.0,16.0,500.0,4.0,0.0,0.0,2400.0,3600.0,0.4666666666666666,56.0,120.0,28.36666666666667,0.8099119247408988,20.6,27.8,1.6,0.01333333333333328,0.4666666666666666,0.8099119247408988,,,1.0,10.0,0.7236424583287432,0.8991720159780646,0.8991720159780646
91,220610_slice03_rec01_ctrl_dp_results.csv,2,5254,wt_ctrl,y,wt,3600.0,0.1,9600.0,16.0,500.0,4.0,0.0,0.0,6900.0,8100.0,0.38749999999999996,46.5,120.0,26.6,0.8478286562091355,25.25,31.675,1.3333333333333333,0.011111111111111084,0.4666666666666666,0.8099119247408988,0.38749999999999996,0.8478286562091355,1.0,9.0,0.8621303723276441,1.0303675489315458,0.8991720159780646
92,230223_slice05_500pM_AngII_ctrl_results.ome.csv,1,114001,wt_ctrl,y,wt,0.0,0.1,4450.0,28.0,500.0,4.0,0.0,0.0,3250.0,4450.0,0.5253968253968253,63.04761904761905,120.0,29.82857142857143,0.7573699544049703,27.928571428571427,36.964285714285715,1.4285714285714286,0.011904761904761859,0.5253968253968253,0.7573699544049703,,,1.0,21.0,0.814713107846306,0.8408394146825219,0.8408394146825219
93,230223_slice05_500pM_AngII_ctrl_results.ome.csv,2,114001,wt_ctrl,y,wt,4450.0,0.1,10450.0,28.0,500.0,4.0,0.0,0.0,7750.0,8950.0,0.21190476190476187,25.428571428571427,120.0,15.4,0.6237029407865865,24.38888888888889,39.72777777777778,1.2222222222222223,0.010185185185185144,0.5253968253968253,0.7573699544049703,0.21190476190476187,0.6237029407865865,1.0,12.0,0.47145685491342754,0.7579872013681384,0.8408394146825219
94,230224_slice02_500pM_AngII_ctrl_results.csv,1,114002,wt_ctrl,y,wt,0.0,0.1,4450.0,31.0,500.0,4.0,0.0,0.0,3250.0,4450.0,0.7095833333333333,85.15,120.0,4.1000000000000005,0.8833507186793705,47.833333333333336,56.56666666666666,1.6666666666666667,0.013888888888888867,0.7095833333333333,0.8833507186793705,,,1.0,20.0,1.1003242022623658,0.9807044720136743,0.9807044720136743
95,230224_slice02_500pM_AngII_ctrl_results.csv,2,114002,wt_ctrl,y,wt,4450.0,0.1,10450.0,31.0,500.0,4.0,0.0,0.0,7750.0,8950.0,0.4270833333333333,51.25,120.0,15.3,0.717969800488481,40.666666666666664,70.36666666666667,1.0,0.0083333333333333,0.7095833333333333,0.8833507186793705,0.4270833333333333,0.717969800488481,1.0,14.0,0.9501974533718659,0.8725498697388991,0.9807044720136743
96,230224_slice03_500pM_AngII_ctrl_results.csv,1,114002,wt_ctrl,y,wt,0.0,0.1,4450.0,29.0,500.0,4.0,0.0,0.0,3250.0,4450.0,0.7293333333333333,87.52,120.0,10.32,0.7916345864987133,32.0,42.15,1.5,0.01249999999999995,0.7293333333333333,0.7916345864987133,,,1.0,25.0,1.1309497848737786,0.8788803391032038,0.8788803391032038
97,230224_slice03_500pM_AngII_ctrl_results.csv,2,114002,wt_ctrl,y,wt,4450.0,0.1,10450.0,29.0,500.0,4.0,0.0,0.0,7750.0,8950.0,0.3053333333333333,36.64,120.0,10.566666666666666,0.7196349567769635,30.136363636363637,41.548484848484854,1.7272727272727273,0.014393939393939355,0.7293333333333333,0.7916345864987133,0.3053333333333333,0.7196349567769635,1.0,17.0,0.6793216525179544,0.8745735368926176,0.8788803391032038
98,230227_slice01_500pM_AngII_ctrl_results.csv,1,6092,wt_ctrl,y,wt,0.0,0.1,4450.0,41.0,500.0,4.0,0.0,0.0,3250.0,4450.0,0.533974358974359,64.07692307692308,120.0,12.55625,0.5697879586646146,13.25,30.95,1.5,0.012499999999999976,0.533974358974359,0.5697879586646146,,,1.0,38.0,0.8280139667415427,0.6325840771345489,0.6325840771345489
99,230227_slice01_500pM_AngII_ctrl_results.csv,2,6092,wt_ctrl,y,wt,4450.0,0.1,10450.0,41.0,500.0,4.0,0.0,0.0,7750.0,8950.0,0.4470085470085469,53.64102564102564,120.0,27.607142857142858,0.7032930602734845,20.944444444444443,34.56111111111111,1.6666666666666667,0.013888888888888846,0.533974358974359,0.5697879586646146,0.4470085470085469,0.7032930602734845,1.0,31.0,0.9945281162996589,0.8547132034138336,0.6325840771345489
100,230228_slice01_500pM_AngII_ctrl_results.csv,1,6223,wt_ctrl,y,wt,0.0,0.1,4450.0,21.0,500.0,4.0,0.0,0.0,3250.0,4450.0,0.6780701754385964,81.36842105263158,120.0,48.82000000000001,0.8142073062117694,12.5,30.3,1.5,0.01249999999999995,0.6780701754385964,0.8142073062117694,,,1.0,19.0,1.0514579328724032,0.9039407898392386,0.9039407898392386
101,230228_slice01_500pM_AngII_ctrl_results.csv,2,6223,wt_ctrl,y,wt,4450.0,0.1,10450.0,21.0,500.0,4.0,0.0,0.0,7750.0,8950.0,0.26666666666666666,32.0,120.0,9.766666666666667,0.6358531451387477,22.0,40.13333333333333,1.6666666666666667,0.013888888888888834,0.6780701754385964,0.8142073062117694,0.26666666666666666,0.6358531451387477,1.0,9.0,0.5932940196663358,0.7727533645376286,0.9039407898392386
102,230302_slice03_500pM_AngII_ctrl_results.csv,1,6096,KO_ctrl,y,KO,0.0,0.1,4450.0,15.0,500.0,4.0,0.0,0.0,3250.0,4450.0,0.8428571428571427,101.14285714285714,120.0,10.885714285714286,1.1218662777264106,30.47222222222222,29.819444444444443,2.3333333333333335,0.019444444444444424,0.8428571428571427,1.1218662777264106,,,1.0,14.0,0.6962847330627535,0.7937245018354742,0.7937245018354742
103,230302_slice03_500pM_AngII_ctrl_results.csv,2,6096,KO_ctrl,y,KO,4450.0,0.1,10450.0,15.0,500.0,4.0,0.0,0.0,7750.0,8950.0,0.3904761904761905,46.857142857142854,120.0,18.793333333333337,1.076633219607112,28.0,26.630000000000003,2.6,0.02166666666666664,0.8428571428571427,1.1218662777264106,0.3904761904761905,1.076633219607112,1.0,7.0,0.4464199877938786,0.7933755782309753,0.7937245018354742
104,230302_slice06_500pM_AngII_ctrl_results.csv,1,6093,wt_ctrl,y,wt,0.0,0.1,4450.0,25.0,500.0,4.0,0.0,0.0,3250.0,4450.0,0.47613636363636364,57.13636363636363,120.0,36.68888888888889,0.6838449793467304,30.2,39.8,1.6,0.01333333333333328,0.47613636363636364,0.6838449793467304,,,1.0,22.0,0.7383267614604142,0.7592112795380684,0.7592112795380684
105,230302_slice06_500pM_AngII_ctrl_results.csv,2,6093,wt_ctrl,y,wt,4450.0,0.1,10450.0,25.0,500.0,4.0,0.0,0.0,7750.0,8950.0,0.5178030303030302,62.13636363636363,120.0,22.95,0.7523006254654889,29.5,45.099999999999994,1.25,0.010416666666666626,0.47613636363636364,0.6838449793467304,0.5178030303030302,0.7523006254654889,1.0,18.0,1.1520354046646035,0.9142721773364285,0.7592112795380684
