,animal,genotype,sex,recording,cell,dt,angiotensin,potassium,len_seg,activity,activity_5min,ISI,intraburst_freq,burst_length,burst_per_cell_per_sec,pos,freq_exist,f_count,burstL_exist,b_count,isi_exist,isi_count
0,USC-2320,wt,m,200610_s2r1_Results.csv,Mean1,0.05,500,4,450.0,0.1711111111111111,0.2533333333333333,,0.5032067094227923,101.35,0.0022222222222222,,1.0,18,1.0,15,,6
1,USC-2320,wt,m,200610_s2r1_Results.csv,Mean10,0.05,500,4,450.0,0.2755555555555555,0.4133333333333333,19.9,0.616194727298089,84.4,0.0044444444444444,,1.0,18,1.0,15,1.0,6
2,USC-2320,wt,m,200610_s2r1_Results.csv,Mean12,0.05,500,4,450.0,0.311111111111111,0.4599999999999999,,0.8203853325046613,160.9,0.0022222222222222,,1.0,18,1.0,15,,6
3,USC-2320,wt,m,200610_s2r1_Results.csv,Mean13,0.05,500,4,450.0,0.1955555555555555,0.2933333333333333,,0.8076923076923077,104.0,0.0022222222222222,,1.0,18,1.0,15,,6
4,USC-2320,wt,m,200610_s2r1_Results.csv,Mean14,0.05,500,4,450.0,0.3355555555555555,0.5033333333333333,,0.8484162895927602,176.8,0.0022222222222222,,1.0,18,1.0,15,,6
5,USC-2320,wt,m,200610_s2r1_Results.csv,Mean15,0.05,500,4,450.0,0.1133333333333333,0.17,20.6,0.6083081005681625,33.1,0.0044444444444444,,1.0,18,1.0,15,1.0,6
6,USC-2320,wt,m,200610_s2r1_Results.csv,Mean16,0.05,500,4,450.0,0.2044444444444444,0.3066666666666666,,0.6558585114222549,135.70000000000002,0.0022222222222222,,1.0,18,1.0,15,,6
7,USC-2320,wt,m,200610_s2r1_Results.csv,Mean17,0.05,500,4,450.0,0.2777777777777777,0.4166666666666666,,0.9616130283055448,128.95000000000002,0.0022222222222222,,1.0,18,1.0,15,,6
8,USC-2320,wt,m,200610_s2r1_Results.csv,Mean18,0.05,500,4,450.0,0.1844444444444444,0.2766666666666666,,0.8515057113187953,,,,1.0,18,,15,,6
9,USC-2320,wt,m,200610_s2r1_Results.csv,Mean19,0.05,500,4,450.0,0.4266666666666666,0.3999999999999999,47.925,0.6395089332620314,82.05000000000001,0.0066666666666666,,1.0,18,1.0,15,1.0,6
10,USC-2320,wt,m,200610_s2r1_Results.csv,Mean2,0.05,500,4,450.0,0.1333333333333333,0.1999999999999999,,0.4761904761904761,117.6,0.0022222222222222,,1.0,18,1.0,15,,6
11,USC-2320,wt,m,200610_s2r1_Results.csv,Mean20,0.05,500,4,450.0,0.2777777777777777,0.3766666666666666,8.700000000000001,0.5950820554210384,78.9,0.0044444444444444,,1.0,18,1.0,15,1.0,6
12,USC-2320,wt,m,200610_s2r1_Results.csv,Mean21,0.05,500,4,450.0,0.1311111111111111,0.1933333333333333,,0.631697687535251,88.65,0.0022222222222222,,1.0,18,1.0,15,,6
13,USC-2320,wt,m,200610_s2r1_Results.csv,Mean4,0.05,500,4,450.0,0.2088888888888888,0.2466666666666666,200.15,0.5503989863065879,68.525,0.0044444444444444,,1.0,18,1.0,15,1.0,6
14,USC-2320,wt,m,200610_s2r1_Results.csv,Mean6,0.05,500,4,450.0,0.3466666666666666,0.5199999999999999,,0.6514042954920934,,,,1.0,18,,15,,6
15,USC-2320,wt,m,200610_s2r1_Results.csv,Mean7,0.05,500,4,450.0,0.2355555555555555,0.3533333333333333,,0.60841881853555,141.35,0.0022222222222222,,1.0,18,1.0,15,,6
16,USC-2320,wt,m,200610_s2r1_Results.csv,Mean8,0.05,500,4,450.0,0.1555555555555555,0.2333333333333333,,0.5662921348314607,,,,1.0,18,,15,,6
17,USC-2320,wt,m,200610_s2r1_Results.csv,Mean9,0.05,500,4,450.0,0.2377777777777777,0.3566666666666666,50.900000000000006,0.6488666348630244,39.8,0.0066666666666666,,1.0,18,1.0,15,1.0,6
18,USC-2320,wt,m,200610_s3r1_Results.csv,Mean1,0.05,500,4,450.0,0.1977777777777777,0.2733333333333333,35.050000000000004,0.4897854811447458,20.637500000000003,0.0088888888888888,,1.0,13,1.0,12,1.0,10
19,USC-2320,wt,m,200610_s3r1_Results.csv,Mean14,0.05,500,4,450.0,0.2422222222222222,0.2866666666666666,87.075,0.6530265770372214,45.900000000000006,0.0066666666666666,,1.0,13,1.0,12,1.0,10
20,USC-2320,wt,m,200610_s3r1_Results.csv,Mean15,0.05,500,4,450.0,0.3266666666666666,0.4033333333333333,69.60000000000001,0.6040542034887877,47.650000000000006,0.0066666666666666,,1.0,13,1.0,12,1.0,10
21,USC-2320,wt,m,200610_s3r1_Results.csv,Mean16,0.05,500,4,450.0,0.3022222222222222,0.29,135.15,0.5631942738534974,132.85,0.0044444444444444,,1.0,13,1.0,12,1.0,10
22,USC-2320,wt,m,200610_s3r1_Results.csv,Mean17,0.05,500,4,450.0,0.5311111111111111,0.5599999999999999,4.0,0.4942154965472753,375.25,0.0044444444444444,,1.0,13,1.0,12,1.0,10
23,USC-2320,wt,m,200610_s3r1_Results.csv,Mean18,0.05,500,4,450.0,0.1533333333333333,0.2266666666666666,,0.7330415754923413,,,,1.0,13,,12,,10
24,USC-2320,wt,m,200610_s3r1_Results.csv,Mean2,0.05,500,4,450.0,0.1999999999999999,0.2566666666666666,168.60000000000002,0.5755579739198503,66.3,0.0044444444444444,,1.0,13,1.0,12,1.0,10
25,USC-2320,wt,m,200610_s3r1_Results.csv,Mean4,0.05,500,4,450.0,0.1999999999999999,0.2566666666666666,168.60000000000002,0.5798921261002261,66.3,0.0044444444444444,,1.0,13,1.0,12,1.0,10
26,USC-2320,wt,m,200610_s3r1_Results.csv,Mean5,0.05,500,4,450.0,0.2355555555555555,0.2466666666666666,92.9,0.4484553029438958,28.325000000000003,0.0066666666666666,,1.0,13,1.0,12,1.0,10
27,USC-2320,wt,m,200610_s3r1_Results.csv,Mean6,0.05,500,4,450.0,0.2066666666666666,0.3066666666666666,29.700000000000003,0.4913894866338476,66.67500000000001,0.0044444444444444,,1.0,13,1.0,12,1.0,10
28,USC-2320,wt,m,200610_s3r1_Results.csv,Mean7,0.05,500,4,450.0,0.1555555555555555,0.1933333333333333,,0.3869407496977025,41.35,0.0022222222222222,,1.0,13,1.0,12,,10
29,USC-2320,wt,m,200610_s3r1_Results.csv,Mean8,0.05,500,4,450.0,0.1799999999999999,0.2466666666666666,35.91666666666667,0.4331974785489733,37.45,0.0088888888888888,,1.0,13,1.0,12,1.0,10
30,USC-2320,wt,m,200610_s3r1_Results.csv,Mean9,0.05,500,4,450.0,0.2155555555555555,0.3133333333333333,,0.4362416107382549,149.0,0.0022222222222222,,1.0,13,1.0,12,,10
31,USC-2320,wt,m,200610_s4r1_Results.csv,Mean1,0.05,500,4,450.0,0.3377777777777777,0.5066666666666666,8.35,0.5375126574248513,116.2,0.0044444444444444,,1.0,16,1.0,16,1.0,10
32,USC-2320,wt,m,200610_s4r1_Results.csv,Mean11,0.05,500,4,450.0,0.2688888888888889,0.4033333333333333,,0.8324363114459993,139.35,0.0022222222222222,,1.0,16,1.0,16,,10
33,USC-2320,wt,m,200610_s4r1_Results.csv,Mean13,0.05,500,4,450.0,0.1711111111111111,0.2566666666666666,,0.706648070664807,107.55,0.0022222222222222,,1.0,16,1.0,16,,10
34,USC-2320,wt,m,200610_s4r1_Results.csv,Mean16,0.05,500,4,450.0,0.1377777777777777,0.1733333333333333,140.925,0.6201911962391699,33.15,0.0066666666666666,,1.0,16,1.0,16,1.0,10
35,USC-2320,wt,m,200610_s4r1_Results.csv,Mean21,0.05,500,4,450.0,0.1955555555555555,0.2799999999999999,,0.7338675664276676,118.55,0.0022222222222222,,1.0,16,1.0,16,,10
36,USC-2320,wt,m,200610_s4r1_Results.csv,Mean22,0.05,500,4,450.0,0.3466666666666666,0.3433333333333333,114.1,0.799716451344155,94.625,0.0044444444444444,,1.0,16,1.0,16,1.0,10
37,USC-2320,wt,m,200610_s4r1_Results.csv,Mean23,0.05,500,4,450.0,0.1711111111111111,0.1766666666666666,72.9625,0.6441310256446725,17.425,0.0111111111111111,,1.0,16,1.0,16,1.0,10
38,USC-2320,wt,m,200610_s4r1_Results.csv,Mean24,0.05,500,4,450.0,0.3333333333333333,0.4499999999999999,103.85,0.6605202382399415,98.475,0.0044444444444444,,1.0,16,1.0,16,1.0,10
39,USC-2320,wt,m,200610_s4r1_Results.csv,Mean25,0.05,500,4,450.0,0.2044444444444444,0.3066666666666666,,0.9430051813471504,96.5,0.0022222222222222,,1.0,16,1.0,16,,10
40,USC-2320,wt,m,200610_s4r1_Results.csv,Mean26,0.05,500,4,450.0,0.2733333333333333,0.41,,0.713867758923347,170.9,0.0022222222222222,,1.0,16,1.0,16,,10
41,USC-2320,wt,m,200610_s4r1_Results.csv,Mean27,0.05,500,4,450.0,0.1799999999999999,0.2233333333333333,85.67500000000001,0.5203015135192163,46.33333333333334,0.0066666666666666,,1.0,16,1.0,16,1.0,10
42,USC-2320,wt,m,200610_s4r1_Results.csv,Mean28,0.05,500,4,450.0,0.1777777777777777,0.2666666666666666,164.70000000000002,0.5996717497071353,102.05,0.0044444444444444,,1.0,16,1.0,16,1.0,10
43,USC-2320,wt,m,200610_s4r1_Results.csv,Mean4,0.05,500,4,450.0,0.2222222222222222,0.2533333333333333,202.95,0.4990857859590856,24.8,0.0044444444444444,,1.0,16,1.0,16,1.0,10
44,USC-2320,wt,m,200610_s4r1_Results.csv,Mean5,0.05,500,4,450.0,0.2488888888888888,0.3266666666666666,6.550000000000001,0.5118193994471725,45.225,0.0088888888888888,,1.0,16,1.0,16,1.0,10
45,USC-2320,wt,m,200610_s4r1_Results.csv,Mean7,0.05,500,4,450.0,0.1377777777777777,0.1866666666666666,,0.6138392857142858,89.60000000000001,0.0022222222222222,,1.0,16,1.0,16,,10
46,USC-2320,wt,m,200610_s4r1_Results.csv,Mean9,0.05,500,4,450.0,0.2266666666666666,0.2566666666666666,202.95,0.504385384112859,24.8,0.0044444444444444,,1.0,16,1.0,16,1.0,10
47,USC-2320,wt,m,200610_s5r1_Results.csv,Mean1,0.05,500,4,450.0,0.2799999999999999,0.4033333333333333,82.95,0.8616007042649234,72.9,0.0044444444444444,,1.0,25,1.0,25,1.0,21
48,USC-2320,wt,m,200610_s5r1_Results.csv,Mean10,0.05,500,4,450.0,0.24,0.25,205.0,0.5596064289818259,81.05000000000001,0.0044444444444444,,1.0,25,1.0,25,1.0,21
49,USC-2320,wt,m,200610_s5r1_Results.csv,Mean11,0.05,500,4,450.0,0.2866666666666666,0.31,102.55,0.6048980450843237,60.5,0.0066666666666666,,1.0,25,1.0,25,1.0,21
50,USC-2320,wt,m,200610_s5r1_Results.csv,Mean12,0.05,500,4,450.0,0.2777777777777777,0.33,51.45,0.4885034901995652,51.55,0.0088888888888888,,1.0,25,1.0,25,1.0,21
51,USC-2320,wt,m,200610_s5r1_Results.csv,Mean13,0.05,500,4,450.0,0.3511111111111111,0.4566666666666666,96.075,0.5900047811273373,33.125,0.0066666666666666,,1.0,25,1.0,25,1.0,21
52,USC-2320,wt,m,200610_s5r1_Results.csv,Mean15,0.05,500,4,450.0,0.4133333333333333,0.5733333333333333,127.45,0.5877776309801676,252.3,0.0044444444444444,,1.0,25,1.0,25,1.0,21
53,USC-2320,wt,m,200610_s5r1_Results.csv,Mean16,0.05,500,4,450.0,0.1777777777777777,0.2666666666666666,,0.6210526315789473,95.0,0.0022222222222222,,1.0,25,1.0,25,,21
54,USC-2320,wt,m,200610_s5r1_Results.csv,Mean17,0.05,500,4,450.0,0.2822222222222222,0.4066666666666666,63.650000000000006,0.5616554764669258,23.5,0.0066666666666666,,1.0,25,1.0,25,1.0,21
55,USC-2320,wt,m,200610_s5r1_Results.csv,Mean18,0.05,500,4,450.0,0.4133333333333333,0.5733333333333333,127.45,0.5877776309801676,252.3,0.0044444444444444,,1.0,25,1.0,25,1.0,21
56,USC-2320,wt,m,200610_s5r1_Results.csv,Mean2,0.05,500,4,450.0,0.5266666666666666,0.5433333333333332,8.950000000000001,0.7277341219245244,161.82500000000002,0.0044444444444444,,1.0,25,1.0,25,1.0,21
57,USC-2320,wt,m,200610_s5r1_Results.csv,Mean20,0.05,500,4,450.0,0.2911111111111111,0.32,235.45,0.6344170433935195,78.9,0.0044444444444444,,1.0,25,1.0,25,1.0,21
58,USC-2320,wt,m,200610_s5r1_Results.csv,Mean21,0.05,500,4,450.0,0.3266666666666666,0.4299999999999999,97.3,0.5674656312205408,76.2,0.0044444444444444,,1.0,25,1.0,25,1.0,21
59,USC-2320,wt,m,200610_s5r1_Results.csv,Mean22,0.05,500,4,450.0,0.2977777777777777,0.32,105.55,0.4749648328148497,43.900000000000006,0.0066666666666666,,1.0,25,1.0,25,1.0,21
60,USC-2320,wt,m,200610_s5r1_Results.csv,Mean23,0.05,500,4,450.0,0.1177777777777777,0.1766666666666666,,0.683311432325887,76.10000000000001,0.0022222222222222,,1.0,25,1.0,25,,21
61,USC-2320,wt,m,200610_s5r1_Results.csv,Mean24,0.05,500,4,450.0,0.1244444444444444,0.1866666666666666,,0.4946996466431094,99.05,0.0022222222222222,,1.0,25,1.0,25,,21
62,USC-2320,wt,m,200610_s5r1_Results.csv,Mean27,0.05,500,4,450.0,0.4466666666666666,0.5133333333333333,20.916666666666668,0.5638685376882616,69.425,0.0088888888888888,,1.0,25,1.0,25,1.0,21
63,USC-2320,wt,m,200610_s5r1_Results.csv,Mean28,0.05,500,4,450.0,0.3422222222222222,0.3866666666666666,37.625,0.5447030960060276,68.06666666666666,0.0066666666666666,,1.0,25,1.0,25,1.0,21
64,USC-2320,wt,m,200610_s5r1_Results.csv,Mean29,0.05,500,4,450.0,0.2799999999999999,0.2333333333333333,9.0,0.4956057472734246,46.38333333333333,0.0066666666666666,,1.0,25,1.0,25,1.0,21
65,USC-2320,wt,m,200610_s5r1_Results.csv,Mean3,0.05,500,4,450.0,0.2222222222222222,0.2166666666666666,278.85,0.7248217636695693,66.22500000000001,0.0044444444444444,,1.0,25,1.0,25,1.0,21
66,USC-2320,wt,m,200610_s5r1_Results.csv,Mean30,0.05,500,4,450.0,0.3888888888888889,0.5299999999999999,58.075,0.8419820217361907,60.28333333333333,0.0066666666666666,,1.0,25,1.0,25,1.0,21
67,USC-2320,wt,m,200610_s5r1_Results.csv,Mean31,0.05,500,4,450.0,0.4355555555555555,0.5,68.55,0.7984050180337834,118.3,0.0044444444444444,,1.0,25,1.0,25,1.0,21
68,USC-2320,wt,m,200610_s5r1_Results.csv,Mean4,0.05,500,4,450.0,0.2377777777777777,0.3466666666666666,8.05,0.6194272049194328,48.35,0.0066666666666666,,1.0,25,1.0,25,1.0,21
69,USC-2320,wt,m,200610_s5r1_Results.csv,Mean5,0.05,500,4,450.0,0.2511111111111111,0.3733333333333333,9.25,1.3345663444024096,26.666666666666668,0.0066666666666666,,1.0,25,1.0,25,1.0,21
70,USC-2320,wt,m,200610_s5r1_Results.csv,Mean6,0.05,500,4,450.0,0.2844444444444444,0.2666666666666666,37.675,0.441421081989754,49.99000000000001,0.0111111111111111,,1.0,25,1.0,25,1.0,21
71,USC-2320,wt,m,200610_s5r1_Results.csv,Mean9,0.05,500,4,450.0,0.1399999999999999,0.21,,1.0324729392173189,60.05,0.0022222222222222,,1.0,25,1.0,25,,21
72,USC-2343,wt,m,200722_s1r2_Results.csv,Mean1,0.05,500,4,450.0,0.3911111111111111,0.3033333333333333,31.15,1.362700730121583,13.766666666666667,0.0155555555555555,,1.0,6,1.0,6,1.0,6
73,USC-2343,wt,m,200722_s1r2_Results.csv,Mean2,0.05,500,4,450.0,0.5955555555555555,0.5633333333333332,78.775,1.5067942551384632,51.525,0.0066666666666666,,1.0,6,1.0,6,1.0,6
74,USC-2343,wt,m,200722_s1r2_Results.csv,Mean3,0.05,500,4,450.0,0.7066666666666667,0.6966666666666667,70.65,1.1386771089303205,55.05,0.0088888888888888,,1.0,6,1.0,6,1.0,6
75,USC-2343,wt,m,200722_s1r2_Results.csv,Mean4,0.05,500,4,450.0,0.951111111111111,1.0966666666666665,76.7,1.2585428114288737,13.45,0.0066666666666666,,1.0,6,1.0,6,1.0,6
76,USC-2343,wt,m,200722_s1r2_Results.csv,Mean5,0.05,500,4,450.0,1.302222222222222,1.4799999999999998,70.175,1.7764285935115105,161.35000000000002,0.0066666666666666,,1.0,6,1.0,6,1.0,6
77,USC-2343,wt,m,200722_s1r2_Results.csv,Mean6,0.05,500,4,450.0,0.7244444444444444,0.5833333333333333,94.3,1.137777408188669,37.25,0.0066666666666666,,1.0,6,1.0,6,1.0,6
78,USC-2343,wt,m,200722_s2r2_Results.csv,Mean1,0.05,500,4,450.0,0.8688888888888888,0.6766666666666666,122.4,1.794500742094625,112.9,0.0044444444444444,,1.0,11,1.0,11,1.0,10
79,USC-2343,wt,m,200722_s2r2_Results.csv,Mean10,0.05,500,4,450.0,0.3355555555555555,0.49,,1.6599885518030908,87.35000000000001,0.0022222222222222,,1.0,11,1.0,11,,10
80,USC-2343,wt,m,200722_s2r2_Results.csv,Mean11,0.05,500,4,450.0,0.1977777777777777,0.2966666666666666,115.1,1.3147645266033865,12.3,0.0044444444444444,,1.0,11,1.0,11,1.0,10
81,USC-2343,wt,m,200722_s2r2_Results.csv,Mean14,0.05,500,4,450.0,0.711111111111111,0.5466666666666666,103.9,1.3877123293576858,113.35,0.0044444444444444,,1.0,11,1.0,11,1.0,10
82,USC-2343,wt,m,200722_s2r2_Results.csv,Mean15,0.05,500,4,450.0,0.4244444444444444,0.61,152.15,1.2559213385484571,96.0,0.0044444444444444,,1.0,11,1.0,11,1.0,10
83,USC-2343,wt,m,200722_s2r2_Results.csv,Mean2,0.05,500,4,450.0,0.4911111111111111,0.49,143.45000000000002,1.269729380281225,109.05,0.0044444444444444,,1.0,11,1.0,11,1.0,10
84,USC-2343,wt,m,200722_s2r2_Results.csv,Mean4,0.05,500,4,450.0,0.991111111111111,0.7599999999999999,120.8,1.8139036041657568,121.1,0.0044444444444444,,1.0,11,1.0,11,1.0,10
85,USC-2343,wt,m,200722_s2r2_Results.csv,Mean5,0.05,500,4,450.0,0.5955555555555555,0.5433333333333332,173.15,1.3249388076155408,107.7,0.0044444444444444,,1.0,11,1.0,11,1.0,10
86,USC-2343,wt,m,200722_s2r2_Results.csv,Mean6,0.05,500,4,450.0,0.7466666666666667,0.7166666666666667,132.85,1.945514078682176,83.775,0.0044444444444444,,1.0,11,1.0,11,1.0,10
87,USC-2343,wt,m,200722_s2r2_Results.csv,Mean8,0.05,500,4,450.0,0.8977777777777777,0.67,82.15,1.845273735887402,66.7,0.0066666666666666,,1.0,11,1.0,11,1.0,10
88,USC-2343,wt,m,200722_s2r2_Results.csv,Mean9,0.05,500,4,450.0,0.3555555555555555,0.4066666666666666,78.4,1.0183854731711026,53.3,0.0066666666666666,,1.0,11,1.0,11,1.0,10
89,2388,wt,m,200724_s1r2_Results.csv,Mean1,0.05,500,4,450.0,0.6155555555555555,0.66,28.200000000000003,1.746312847133121,22.821428571428577,0.0155555555555555,,1.0,9,1.0,9,1.0,9
90,2388,wt,m,200724_s1r2_Results.csv,Mean10,0.05,500,4,450.0,0.5711111111111111,0.8133333333333332,159.4,1.3967611336032388,123.5,0.0044444444444444,,1.0,9,1.0,9,1.0,9
91,2388,wt,m,200724_s1r2_Results.csv,Mean11,0.05,500,4,450.0,0.5088888888888888,0.6866666666666666,4.2,0.9789897857764832,106.675,0.0044444444444444,,1.0,9,1.0,9,1.0,9
92,2388,wt,m,200724_s1r2_Results.csv,Mean12,0.05,500,4,450.0,0.5911111111111111,0.7366666666666667,58.3,1.4726916963311063,33.739999999999995,0.0111111111111111,,1.0,9,1.0,9,1.0,9
93,2388,wt,m,200724_s1r2_Results.csv,Mean2,0.05,500,4,450.0,0.1955555555555555,0.2933333333333333,18.1,0.8123235175473981,40.9,0.0044444444444444,,1.0,9,1.0,9,1.0,9
94,2388,wt,m,200724_s1r2_Results.csv,Mean4,0.05,500,4,450.0,1.0599999999999998,1.2333333333333334,35.362500000000004,1.619600831975103,56.337500000000006,0.0111111111111111,,1.0,9,1.0,9,1.0,9
95,2388,wt,m,200724_s1r2_Results.csv,Mean5,0.05,500,4,450.0,0.2577777777777778,0.29,75.4,1.8556602885381983,14.9875,0.0088888888888888,,1.0,9,1.0,9,1.0,9
96,2388,wt,m,200724_s1r2_Results.csv,Mean8,0.05,500,4,450.0,0.2622222222222222,0.2833333333333333,36.1875,1.0503947755745648,20.45,0.0111111111111111,,1.0,9,1.0,9,1.0,9
97,2388,wt,m,200724_s1r2_Results.csv,Mean9,0.05,500,4,450.0,0.8333333333333333,0.93,32.15,1.1258336966835154,79.475,0.0088888888888888,,1.0,9,1.0,9,1.0,9
98,3832,wt,m,210225_s1r2_Results.csv,Mean1,0.1,500,4,450.0,0.84,0.8966666666666667,13.166666666666666,0.8915602131311745,72.96666666666668,0.0088888888888888,1.0,1.0,29,1.0,23,1.0,25
99,3832,wt,m,210225_s1r2_Results.csv,Mean10,0.1,500,4,450.0,1.6955555555555553,1.5366666666666666,22.9,1.4466113929404316,10.3,0.0044444444444444,1.0,1.0,29,1.0,23,1.0,25
100,3832,wt,m,210225_s1r2_Results.csv,Mean11,0.1,500,4,450.0,1.5399999999999998,1.586666666666667,,1.5401736033830402,,,1.0,1.0,29,,23,,25
101,3832,wt,m,210225_s1r2_Results.csv,Mean12,0.1,500,4,450.0,0.3888888888888889,0.4366666666666666,29.31666666666667,1.0911037870489968,18.47142857142857,0.0155555555555555,1.0,1.0,29,1.0,23,1.0,25
102,3832,wt,m,210225_s1r2_Results.csv,Mean13,0.1,500,4,450.0,0.7177777777777777,0.7333333333333333,29.0,0.8460314351651828,81.35000000000001,0.0088888888888888,1.0,1.0,29,1.0,23,1.0,25
103,3832,wt,m,210225_s1r2_Results.csv,Mean14,0.1,500,4,450.0,0.8866666666666667,0.9966666666666666,57.3,1.2248637648528782,160.55,0.0044444444444444,1.0,1.0,29,1.0,23,1.0,25
104,3832,wt,m,210225_s1r2_Results.csv,Mean15,0.1,500,4,450.0,0.6377777777777778,0.5066666666666666,62.45,0.7498835599559786,47.8,0.0066666666666666,1.0,1.0,29,1.0,23,1.0,25
105,3832,wt,m,210225_s1r2_Results.csv,Mean16,0.1,500,4,450.0,1.351111111111111,1.3833333333333333,,1.3524955436720143,,,1.0,1.0,29,,23,,25
106,3832,wt,m,210225_s1r2_Results.csv,Mean17,0.1,500,4,450.0,1.011111111111111,1.1733333333333331,25.85,1.0559610815658589,22.433333333333337,0.0111111111111111,1.0,1.0,29,1.0,23,1.0,25
107,3832,wt,m,210225_s1r2_Results.csv,Mean18,0.1,500,4,450.0,0.98,0.9766666666666666,9.15,1.0336291797967083,18.1,0.0066666666666666,1.0,1.0,29,1.0,23,1.0,25
108,3832,wt,m,210225_s1r2_Results.csv,Mean19,0.1,500,4,450.0,1.4177777777777778,1.4233333333333331,,1.4209234887352218,,,1.0,1.0,29,,23,,25
109,3832,wt,m,210225_s1r2_Results.csv,Mean2,0.1,500,4,450.0,0.5822222222222222,0.4466666666666666,92.6,1.037574594524313,113.4,0.0066666666666666,1.0,1.0,29,1.0,23,1.0,25
110,3832,wt,m,210225_s1r2_Results.csv,Mean20,0.1,500,4,450.0,0.811111111111111,0.8233333333333333,13.55,0.8361004705410698,85.5,0.0111111111111111,1.0,1.0,29,1.0,23,1.0,25
111,3832,wt,m,210225_s1r2_Results.csv,Mean21,0.1,500,4,450.0,1.5777777777777775,1.5799999999999998,48.2,1.7494593556732283,,,1.0,1.0,29,,23,1.0,25
112,3832,wt,m,210225_s1r2_Results.csv,Mean22,0.1,500,4,450.0,0.8977777777777777,0.9733333333333332,28.950000000000003,0.973181235924222,161.65,0.0066666666666666,1.0,1.0,29,1.0,23,1.0,25
113,3832,wt,m,210225_s1r2_Results.csv,Mean23,0.1,500,4,450.0,1.0577777777777777,1.2366666666666666,45.6,1.0954511308010555,,,1.0,1.0,29,,23,1.0,25
114,3832,wt,m,210225_s1r2_Results.csv,Mean24,0.1,500,4,450.0,0.82,1.0933333333333333,,1.7872753763963087,205.9,0.0022222222222222,1.0,1.0,29,1.0,23,,25
115,3832,wt,m,210225_s1r2_Results.csv,Mean25,0.1,500,4,450.0,0.6622222222222222,0.7999999999999999,51.55,1.1718699577736256,80.30000000000001,0.0066666666666666,1.0,1.0,29,1.0,23,1.0,25
116,3832,wt,m,210225_s1r2_Results.csv,Mean26,0.1,500,4,450.0,1.0422222222222222,1.1233333333333333,29.36666666666667,1.271261862071002,146.3,0.0088888888888888,1.0,1.0,29,1.0,23,1.0,25
117,3832,wt,m,210225_s1r2_Results.csv,Mean27,0.1,500,4,450.0,0.9555555555555556,1.01,43.0,1.1499046781933036,159.60000000000002,0.0066666666666666,1.0,1.0,29,1.0,23,1.0,25
118,3832,wt,m,210225_s1r2_Results.csv,Mean28,0.1,500,4,450.0,0.3799999999999999,0.3999999999999999,49.84,1.0583784059085537,14.28,0.0133333333333333,1.0,1.0,29,1.0,23,1.0,25
119,3832,wt,m,210225_s1r2_Results.csv,Mean29,0.1,500,4,450.0,0.8866666666666667,0.8666666666666667,30.425,1.1346227158540754,56.12500000000001,0.0111111111111111,1.0,1.0,29,1.0,23,1.0,25
120,3832,wt,m,210225_s1r2_Results.csv,Mean3,0.1,500,4,450.0,0.8622222222222222,0.8699999999999999,12.5,1.00218647453758,63.9,0.0133333333333333,1.0,1.0,29,1.0,23,1.0,25
121,3832,wt,m,210225_s1r2_Results.csv,Mean4,0.1,500,4,450.0,0.7666666666666666,0.9033333333333332,154.10000000000002,1.429859905777337,177.60000000000002,0.0044444444444444,1.0,1.0,29,1.0,23,1.0,25
122,3832,wt,m,210225_s1r2_Results.csv,Mean5,0.1,500,4,450.0,1.202222222222222,1.6233333333333333,101.9,1.325953022718521,,,1.0,1.0,29,,23,1.0,25
123,3832,wt,m,210225_s1r2_Results.csv,Mean6,0.1,500,4,450.0,0.6333333333333333,0.7666666666666666,61.06666666666666,0.9416420036669906,100.65,0.0088888888888888,1.0,1.0,29,1.0,23,1.0,25
124,3832,wt,m,210225_s1r2_Results.csv,Mean7,0.1,500,4,450.0,0.9777777777777776,0.9566666666666666,48.35,1.611124885480625,79.55,0.0066666666666666,1.0,1.0,29,1.0,23,1.0,25
125,3832,wt,m,210225_s1r2_Results.csv,Mean8,0.1,500,4,450.0,0.5777777777777777,0.5466666666666666,69.0,0.8881958576403021,69.85,0.0066666666666666,1.0,1.0,29,1.0,23,1.0,25
126,3832,wt,m,210225_s1r2_Results.csv,Mean9,0.1,500,4,450.0,0.8688888888888888,1.01,3.9,0.917405870150464,125.8,0.0044444444444444,1.0,1.0,29,1.0,23,1.0,25
127,3833,wt,m,210226_s2r2_Results.csv,Mean1,0.1,500,4,450.0,0.6622222222222222,0.7266666666666667,32.775,0.9343064446917392,69.025,0.0111111111111111,1.0,1.0,6,1.0,5,1.0,4
128,3833,wt,m,210226_s2r2_Results.csv,Mean3,0.1,500,4,450.0,1.3955555555555554,1.413333333333333,,1.395814781834372,,,1.0,1.0,6,,5,,4
129,3833,wt,m,210226_s2r2_Results.csv,Mean4,0.1,500,4,450.0,0.2666666666666666,0.3999999999999999,,1.2686567164179103,93.8,0.0022222222222222,1.0,1.0,6,1.0,5,,4
130,3833,wt,m,210226_s2r2_Results.csv,Mean5,0.1,500,4,450.0,0.4288888888888888,0.3633333333333333,95.36666666666667,1.0609518300660223,36.3,0.0088888888888888,1.0,1.0,6,1.0,5,1.0,4
131,3833,wt,m,210226_s2r2_Results.csv,Mean6,0.1,500,4,450.0,0.5488888888888889,0.3933333333333333,130.9,1.06567473824111,114.55,0.0044444444444444,1.0,1.0,6,1.0,5,1.0,4
132,3833,wt,m,210226_s2r2_Results.csv,Mean7,0.1,500,4,450.0,0.5311111111111111,0.5733333333333333,105.6,1.1469402900462795,131.70000000000002,0.0044444444444444,1.0,1.0,6,1.0,5,1.0,4
133,3835,wt,m,210304_s4r2_Results.csv,Mean1,0.05,500,4,450.0,0.34,0.5099999999999999,,1.0879284649776453,134.20000000000002,0.0022222222222222,1.0,1.0,35,1.0,34,,28
134,3835,wt,m,210304_s4r2_Results.csv,Mean10,0.05,500,4,450.0,0.5844444444444444,0.5433333333333332,10.07,0.7731394907249527,23.860000000000003,0.0133333333333333,1.0,1.0,35,1.0,34,1.0,28
135,3835,wt,m,210304_s4r2_Results.csv,Mean11,0.05,500,4,450.0,0.5933333333333333,0.64,26.9375,1.0075785873590295,55.2625,0.0111111111111111,1.0,1.0,35,1.0,34,1.0,28
136,3835,wt,m,210304_s4r2_Results.csv,Mean13,0.05,500,4,450.0,0.7799999999999999,0.7999999999999999,11.108333333333334,0.969952773448314,50.26666666666667,0.0155555555555555,1.0,1.0,35,1.0,34,1.0,28
137,3835,wt,m,210304_s4r2_Results.csv,Mean14,0.05,500,4,450.0,0.6022222222222222,0.5566666666666666,10.08,0.783170847974084,23.85,0.0133333333333333,1.0,1.0,35,1.0,34,1.0,28
138,3835,wt,m,210304_s4r2_Results.csv,Mean16,0.05,500,4,450.0,0.3755555555555555,0.5633333333333332,,1.3680781758957654,122.8,0.0022222222222222,1.0,1.0,35,1.0,34,,28
139,3835,wt,m,210304_s4r2_Results.csv,Mean19,0.05,500,4,450.0,0.5355555555555556,0.6566666666666666,,0.5928906773977196,,,1.0,1.0,35,,34,,28
140,3835,wt,m,210304_s4r2_Results.csv,Mean2,0.05,500,4,450.0,0.4577777777777778,0.5533333333333332,,1.090909090909091,181.5,0.0022222222222222,1.0,1.0,35,1.0,34,,28
141,3835,wt,m,210304_s4r2_Results.csv,Mean20,0.05,500,4,450.0,0.2466666666666666,0.1799999999999999,40.85,0.8598715572033899,57.1,0.0044444444444444,1.0,1.0,35,1.0,34,1.0,28
142,3835,wt,m,210304_s4r2_Results.csv,Mean21,0.05,500,4,450.0,0.4733333333333333,0.4266666666666666,9.65,0.7399018314006751,70.14999999999999,0.0088888888888888,1.0,1.0,35,1.0,34,1.0,28
143,3835,wt,m,210304_s4r2_Results.csv,Mean24,0.05,500,4,450.0,0.3955555555555555,0.3133333333333333,93.875,0.7603412269318396,89.575,0.0066666666666666,1.0,1.0,35,1.0,34,1.0,28
144,3835,wt,m,210304_s4r2_Results.csv,Mean25,0.05,500,4,450.0,0.8888888888888888,0.8099999999999999,65.0,1.252994101531878,17.35,0.0066666666666666,1.0,1.0,35,1.0,34,1.0,28
145,3835,wt,m,210304_s4r2_Results.csv,Mean26,0.05,500,4,450.0,0.5933333333333333,0.4766666666666667,8.5,0.9859790681722634,12.25,0.0044444444444444,1.0,1.0,35,1.0,34,1.0,28
146,3835,wt,m,210304_s4r2_Results.csv,Mean28,0.05,500,4,450.0,0.2755555555555555,0.2733333333333333,,0.6677471636952997,154.25,0.0022222222222222,1.0,1.0,35,1.0,34,,28
147,3835,wt,m,210304_s4r2_Results.csv,Mean29,0.05,500,4,450.0,0.3933333333333333,0.31,93.85,0.7578860209871469,89.60000000000001,0.0066666666666666,1.0,1.0,35,1.0,34,1.0,28
148,3835,wt,m,210304_s4r2_Results.csv,Mean3,0.05,500,4,450.0,0.3288888888888889,0.2533333333333333,14.2375,0.5757012984300868,23.025,0.0111111111111111,1.0,1.0,35,1.0,34,1.0,28
149,3835,wt,m,210304_s4r2_Results.csv,Mean31,0.05,500,4,450.0,0.34,0.3333333333333333,24.26,0.7038828329926684,24.35,0.0133333333333333,1.0,1.0,35,1.0,34,1.0,28
150,3835,wt,m,210304_s4r2_Results.csv,Mean33,0.05,500,4,450.0,0.3577777777777777,0.5366666666666666,133.0,1.0835075493612076,123.0,0.0044444444444444,1.0,1.0,35,1.0,34,1.0,28
151,3835,wt,m,210304_s4r2_Results.csv,Mean34,0.05,500,4,450.0,0.5622222222222222,0.7899999999999999,131.75,1.2859551741332704,81.075,0.0044444444444444,1.0,1.0,35,1.0,34,1.0,28
152,3835,wt,m,210304_s4r2_Results.csv,Mean35,0.05,500,4,450.0,0.6444444444444444,0.6766666666666666,184.2,1.3207591996903405,122.5,0.0044444444444444,1.0,1.0,35,1.0,34,1.0,28
153,3835,wt,m,210304_s4r2_Results.csv,Mean36,0.05,500,4,450.0,0.5355555555555556,0.48,122.8,0.768047652916074,296.0,0.0044444444444444,1.0,1.0,35,1.0,34,1.0,28
154,3835,wt,m,210304_s4r2_Results.csv,Mean37,0.05,500,4,450.0,0.3422222222222222,0.5133333333333333,,1.157854110382092,129.55,0.0022222222222222,1.0,1.0,35,1.0,34,,28
155,3835,wt,m,210304_s4r2_Results.csv,Mean38,0.05,500,4,450.0,0.5311111111111111,0.4666666666666667,39.48333333333333,0.6104642490419587,25.700000000000003,0.0088888888888888,1.0,1.0,35,1.0,34,1.0,28
156,3835,wt,m,210304_s4r2_Results.csv,Mean39,0.05,500,4,450.0,0.42,0.5099999999999999,60.05,0.7765426612912817,66.75,0.0066666666666666,1.0,1.0,35,1.0,34,1.0,28
157,3835,wt,m,210304_s4r2_Results.csv,Mean4,0.05,500,4,450.0,0.1422222222222222,0.2133333333333333,12.9,0.893765174767511,30.1,0.0044444444444444,1.0,1.0,35,1.0,34,1.0,28
158,3835,wt,m,210304_s4r2_Results.csv,Mean40,0.05,500,4,450.0,0.7088888888888889,0.7799999999999999,27.96666666666667,1.163624321099419,68.7,0.0088888888888888,1.0,1.0,35,1.0,34,1.0,28
159,3835,wt,m,210304_s4r2_Results.csv,Mean41,0.05,500,4,450.0,0.9555555555555556,0.9433333333333334,92.5,1.3062217034521788,139.5,0.0044444444444444,1.0,1.0,35,1.0,34,1.0,28
160,3835,wt,m,210304_s4r2_Results.csv,Mean42,0.05,500,4,450.0,0.4866666666666666,0.5399999999999999,65.05,1.2457180478819638,49.866666666666674,0.0088888888888888,1.0,1.0,35,1.0,34,1.0,28
161,3835,wt,m,210304_s4r2_Results.csv,Mean44,0.05,500,4,450.0,0.48,0.7199999999999999,143.65,1.3920929934148596,127.45,0.0044444444444444,1.0,1.0,35,1.0,34,1.0,28
162,3835,wt,m,210304_s4r2_Results.csv,Mean45,0.05,500,4,450.0,0.34,0.5099999999999999,8.65,1.0384940503283695,60.175,0.0044444444444444,1.0,1.0,35,1.0,34,1.0,28
163,3835,wt,m,210304_s4r2_Results.csv,Mean46,0.05,500,4,450.0,0.32,0.3633333333333333,149.025,1.0612045937699794,14.8,0.0066666666666666,1.0,1.0,35,1.0,34,1.0,28
164,3835,wt,m,210304_s4r2_Results.csv,Mean47,0.05,500,4,450.0,0.2177777777777777,0.3133333333333333,38.2,1.08505878045804,43.525000000000006,0.0044444444444444,1.0,1.0,35,1.0,34,1.0,28
165,3835,wt,m,210304_s4r2_Results.csv,Mean5,0.05,500,4,450.0,0.3422222222222222,0.5133333333333333,,1.027535258562794,148.9,0.0022222222222222,1.0,1.0,35,1.0,34,,28
166,3835,wt,m,210304_s4r2_Results.csv,Mean6,0.05,500,4,450.0,0.7199999999999999,0.8166666666666667,22.575000000000003,0.732010392162724,49.85,0.0066666666666666,1.0,1.0,35,1.0,34,1.0,28
167,3835,wt,m,210304_s4r2_Results.csv,Mean9,0.05,500,4,450.0,0.3533333333333333,0.41,5.9,0.6787068196146824,99.125,0.0044444444444444,1.0,1.0,35,1.0,34,1.0,28
168,3906,wt,m,210312_s3r2_Results.csv,Mean1,0.05,500,4,450.0,0.6644444444444444,0.6966666666666667,9.45,0.6694156487731704,,,1.0,1.0,40,,35,1.0,38
169,3906,wt,m,210312_s3r2_Results.csv,Mean10,0.05,500,4,450.0,0.3555555555555555,0.3166666666666666,29.64166666666667,0.6314015403788297,35.82500000000001,0.0155555555555555,1.0,1.0,40,1.0,35,1.0,38
170,3906,wt,m,210312_s3r2_Results.csv,Mean11,0.05,500,4,450.0,0.5933333333333333,0.6066666666666667,8.375,0.604938397634263,34.75,0.0066666666666666,1.0,1.0,40,1.0,35,1.0,38
171,3906,wt,m,210312_s3r2_Results.csv,Mean12,0.05,500,4,450.0,0.5977777777777777,0.6066666666666667,8.375,0.6085439501851916,34.75,0.0066666666666666,1.0,1.0,40,1.0,35,1.0,38
172,3906,wt,m,210312_s3r2_Results.csv,Mean13,0.05,500,4,450.0,0.3955555555555555,0.34,30.3,0.6776091535717831,59.5625,0.0088888888888888,1.0,1.0,40,1.0,35,1.0,38
173,3906,wt,m,210312_s3r2_Results.csv,Mean14,0.05,500,4,450.0,0.6933333333333332,0.7000000000000001,,0.6943514177271712,,,1.0,1.0,40,,35,,38
174,3906,wt,m,210312_s3r2_Results.csv,Mean15,0.05,500,4,450.0,0.3888888888888889,0.3933333333333333,25.83333333333333,0.4125700321480152,124.625,0.0088888888888888,1.0,1.0,40,1.0,35,1.0,38
175,3906,wt,m,210312_s3r2_Results.csv,Mean17,0.05,500,4,450.0,0.4755555555555555,0.4733333333333333,40.06666666666667,0.5809901147405057,26.0,0.0088888888888888,1.0,1.0,40,1.0,35,1.0,38
176,3906,wt,m,210312_s3r2_Results.csv,Mean18,0.05,500,4,450.0,0.3577777777777777,0.3133333333333333,27.710000000000004,0.5405136212498352,46.85833333333333,0.0133333333333333,1.0,1.0,40,1.0,35,1.0,38
177,3906,wt,m,210312_s3r2_Results.csv,Mean2,0.05,500,4,450.0,0.6377777777777778,0.6666666666666666,,0.6398926054368497,,,1.0,1.0,40,,35,,38
178,3906,wt,m,210312_s3r2_Results.csv,Mean20,0.05,500,4,450.0,0.2311111111111111,0.2466666666666666,50.6,0.5108535253050615,43.5,0.0088888888888888,1.0,1.0,40,1.0,35,1.0,38
179,3906,wt,m,210312_s3r2_Results.csv,Mean22,0.05,500,4,450.0,0.4533333333333333,0.4399999999999999,54.48333333333334,0.7147014755571253,82.975,0.0088888888888888,1.0,1.0,40,1.0,35,1.0,38
180,3906,wt,m,210312_s3r2_Results.csv,Mean23,0.05,500,4,450.0,0.4644444444444444,0.42,24.875,0.5862151598018001,82.51666666666667,0.0111111111111111,1.0,1.0,40,1.0,35,1.0,38
181,3906,wt,m,210312_s3r2_Results.csv,Mean24,0.05,500,4,450.0,0.6422222222222221,0.6566666666666666,13.133333333333336,0.7737490362267645,84.13750000000002,0.0088888888888888,1.0,1.0,40,1.0,35,1.0,38
182,3906,wt,m,210312_s3r2_Results.csv,Mean25,0.05,500,4,450.0,0.3177777777777777,0.2966666666666666,44.3,0.7014716801331671,36.23,0.0111111111111111,1.0,1.0,40,1.0,35,1.0,38
183,3906,wt,m,210312_s3r2_Results.csv,Mean26,0.05,500,4,450.0,0.6044444444444445,0.6233333333333333,15.0375,0.6497638286264971,106.96666666666668,0.0111111111111111,1.0,1.0,40,1.0,35,1.0,38
184,3906,wt,m,210312_s3r2_Results.csv,Mean28,0.05,500,4,450.0,0.5933333333333333,0.4966666666666666,64.85000000000001,0.7932392231663385,90.6,0.0044444444444444,1.0,1.0,40,1.0,35,1.0,38
185,3906,wt,m,210312_s3r2_Results.csv,Mean3,0.05,500,4,450.0,0.5622222222222222,0.5533333333333332,4.05,0.608553333508251,154.45000000000002,0.0044444444444444,1.0,1.0,40,1.0,35,1.0,38
186,3906,wt,m,210312_s3r2_Results.csv,Mean30,0.05,500,4,450.0,0.2977777777777777,0.3066666666666666,63.45,0.8869304165023983,43.8,0.0088888888888888,1.0,1.0,40,1.0,35,1.0,38
187,3906,wt,m,210312_s3r2_Results.csv,Mean31,0.05,500,4,450.0,0.6555555555555556,0.7033333333333333,31.3375,1.0012344075101105,57.040000000000006,0.0111111111111111,1.0,1.0,40,1.0,35,1.0,38
188,3906,wt,m,210312_s3r2_Results.csv,Mean33,0.05,500,4,450.0,0.3355555555555555,0.2799999999999999,64.3875,0.974606540938208,27.2875,0.0111111111111111,1.0,1.0,40,1.0,35,1.0,38
189,3906,wt,m,210312_s3r2_Results.csv,Mean34,0.05,500,4,450.0,0.2577777777777778,0.2233333333333333,52.78333333333334,0.3998688565223757,55.98333333333333,0.0088888888888888,1.0,1.0,40,1.0,35,1.0,38
190,3906,wt,m,210312_s3r2_Results.csv,Mean37,0.05,500,4,450.0,0.4488888888888888,0.4433333333333333,13.3,0.4716539838314794,113.0,0.0066666666666666,1.0,1.0,40,1.0,35,1.0,38
191,3906,wt,m,210312_s3r2_Results.csv,Mean38,0.05,500,4,450.0,0.6666666666666666,0.64,27.025,0.7330100156907638,33.25,0.0066666666666666,1.0,1.0,40,1.0,35,1.0,38
192,3906,wt,m,210312_s3r2_Results.csv,Mean39,0.05,500,4,450.0,0.3599999999999999,0.3166666666666666,43.4125,0.5429722010192799,60.5625,0.0111111111111111,1.0,1.0,40,1.0,35,1.0,38
193,3906,wt,m,210312_s3r2_Results.csv,Mean4,0.05,500,4,450.0,0.1777777777777777,0.1799999999999999,80.85000000000001,0.8522501616247096,22.7,0.0088888888888888,1.0,1.0,40,1.0,35,1.0,38
194,3906,wt,m,210312_s3r2_Results.csv,Mean40,0.05,500,4,450.0,0.3822222222222222,0.4366666666666666,19.8375,0.5062197195915753,65.29,0.0111111111111111,1.0,1.0,40,1.0,35,1.0,38
195,3906,wt,m,210312_s3r2_Results.csv,Mean41,0.05,500,4,450.0,0.3666666666666666,0.4033333333333333,46.95,0.5282112202213117,93.11666666666667,0.0088888888888888,1.0,1.0,40,1.0,35,1.0,38
196,3906,wt,m,210312_s3r2_Results.csv,Mean42,0.05,500,4,450.0,0.4866666666666666,0.4933333333333333,14.3,0.4921120012319745,,,1.0,1.0,40,,35,1.0,38
197,3906,wt,m,210312_s3r2_Results.csv,Mean44,0.05,500,4,450.0,0.4666666666666667,0.4599999999999999,20.025,0.52238677384505,143.475,0.0066666666666666,1.0,1.0,40,1.0,35,1.0,38
198,3906,wt,m,210312_s3r2_Results.csv,Mean45,0.05,500,4,450.0,0.3599999999999999,0.1933333333333333,41.400000000000006,1.1475698107454435,26.72000000000001,0.0111111111111111,1.0,1.0,40,1.0,35,1.0,38
199,3906,wt,m,210312_s3r2_Results.csv,Mean46,0.05,500,4,450.0,0.4911111111111111,0.5,14.3,0.495522163069612,,,1.0,1.0,40,,35,1.0,38
200,3906,wt,m,210312_s3r2_Results.csv,Mean47,0.05,500,4,450.0,0.5888888888888888,0.5833333333333333,8.15,0.6077896347016634,72.97500000000001,0.0088888888888888,1.0,1.0,40,1.0,35,1.0,38
201,3906,wt,m,210312_s3r2_Results.csv,Mean48,0.05,500,4,450.0,0.3933333333333333,0.3033333333333333,33.6375,0.6416952857794562,57.4875,0.0111111111111111,1.0,1.0,40,1.0,35,1.0,38
202,3906,wt,m,210312_s3r2_Results.csv,Mean49,0.05,500,4,450.0,0.4555555555555555,0.4399999999999999,29.31666666666667,0.6422183354731812,76.6875,0.0088888888888888,1.0,1.0,40,1.0,35,1.0,38
203,3906,wt,m,210312_s3r2_Results.csv,Mean50,0.05,500,4,450.0,0.5155555555555555,0.4299999999999999,23.21,0.6456260489577771,68.5875,0.0133333333333333,1.0,1.0,40,1.0,35,1.0,38
204,3906,wt,m,210312_s3r2_Results.csv,Mean51,0.05,500,4,450.0,0.4977777777777777,0.4766666666666667,89.325,0.769624366310733,49.3,0.0066666666666666,1.0,1.0,40,1.0,35,1.0,38
205,3906,wt,m,210312_s3r2_Results.csv,Mean7,0.05,500,4,450.0,0.5555555555555555,0.5566666666666666,32.25,0.7200685382487717,106.4,0.0088888888888888,1.0,1.0,40,1.0,35,1.0,38
206,3906,wt,m,210312_s3r2_Results.csv,Mean8,0.05,500,4,450.0,0.3599999999999999,0.3599999999999999,110.75,0.5772077874009919,189.6,0.0044444444444444,1.0,1.0,40,1.0,35,1.0,38
207,3906,wt,m,210312_s3r2_Results.csv,Mean9,0.05,500,4,450.0,0.3333333333333333,0.2699999999999999,62.25,0.5259224587903013,23.125,0.0088888888888888,1.0,1.0,40,1.0,35,1.0,38
208,USC-01932,KO,w,200320_s1r1_Results.csv,Mean1,0.05,500,4,450.0,0.5199999999999999,0.5633333333333332,88.0,1.2933177306970058,18.4,0.0088888888888888,1.0,1.0,15,1.0,13,1.0,12
209,USC-01932,KO,w,200320_s1r1_Results.csv,Mean10,0.05,500,4,450.0,1.362222222222222,1.4299999999999995,,1.3607559755419676,,,1.0,1.0,15,,13,,12
210,USC-01932,KO,w,200320_s1r1_Results.csv,Mean11,0.05,500,4,450.0,0.7022222222222222,0.7466666666666667,9.322222222222225,0.7150750708158078,26.727777777777774,0.0222222222222222,1.0,1.0,15,1.0,13,1.0,12
211,USC-01932,KO,w,200320_s1r1_Results.csv,Mean12,0.05,500,4,450.0,0.3088888888888889,0.33,,0.7957559681697611,18.85,0.0022222222222222,1.0,1.0,15,1.0,13,,12
212,USC-01932,KO,w,200320_s1r1_Results.csv,Mean15,0.05,500,4,450.0,1.2044444444444444,1.1833333333333331,50.650000000000006,1.442837113522513,194.65,0.0044444444444444,1.0,1.0,15,1.0,13,1.0,12
213,USC-01932,KO,w,200320_s1r1_Results.csv,Mean18,0.05,500,4,450.0,0.7133333333333333,0.6766666666666666,45.95,1.2871813108765793,41.01,0.0111111111111111,1.0,1.0,15,1.0,13,1.0,12
214,USC-01932,KO,w,200320_s1r1_Results.csv,Mean19,0.05,500,4,450.0,0.6933333333333332,0.7433333333333333,14.05,0.7359693551709624,58.56,0.0133333333333333,1.0,1.0,15,1.0,13,1.0,12
215,USC-01932,KO,w,200320_s1r1_Results.csv,Mean2,0.05,500,4,450.0,1.2155555555555555,0.8466666666666667,209.15,2.2737628267486745,144.85,0.0044444444444444,1.0,1.0,15,1.0,13,1.0,12
216,USC-01932,KO,w,200320_s1r1_Results.csv,Mean23,0.05,500,4,450.0,0.3555555555555555,0.5066666666666666,2.216666666666667,1.043274715573219,28.8375,0.0088888888888888,1.0,1.0,15,1.0,13,1.0,12
217,USC-01932,KO,w,200320_s1r1_Results.csv,Mean24,0.05,500,4,450.0,0.82,1.0199999999999998,87.16666666666667,1.945439816759625,35.3625,0.0088888888888888,1.0,1.0,15,1.0,13,1.0,12
218,USC-01932,KO,w,200320_s1r1_Results.csv,Mean3,0.05,500,4,450.0,0.9466666666666664,0.93,31.758333333333333,1.3112725918625296,31.841666666666665,0.0155555555555555,1.0,1.0,15,1.0,13,1.0,12
219,USC-01932,KO,w,200320_s1r1_Results.csv,Mean6,0.05,500,4,450.0,1.2066666666666666,1.4433333333333334,68.22500000000001,1.6644210131600568,170.45000000000002,0.0066666666666666,1.0,1.0,15,1.0,13,1.0,12
220,USC-01932,KO,w,200320_s1r1_Results.csv,Mean7,0.05,500,4,450.0,1.4466666666666663,1.4633333333333334,2.25,1.4432326113304603,,,1.0,1.0,15,,13,1.0,12
221,USC-01932,KO,w,200320_s1r1_Results.csv,Mean8,0.05,500,4,450.0,0.2777777777777777,0.2966666666666666,,0.8999999999999999,10.0,0.0022222222222222,1.0,1.0,15,1.0,13,,12
222,USC-01932,KO,w,200320_s1r1_Results.csv,Mean9,0.05,500,4,450.0,0.731111111111111,0.6966666666666667,14.972222222222223,0.8680194997048316,33.06875,0.0222222222222222,1.0,1.0,15,1.0,13,1.0,12
223,USC-01932,KO,w,200320_s3r1_Results.csv,Mean1,0.05,500,4,450.0,0.7133333333333333,0.5733333333333333,49.225,1.549787883631521,46.925,0.0066666666666666,1.0,1.0,23,1.0,22,1.0,21
224,USC-01932,KO,w,200320_s3r1_Results.csv,Mean10,0.05,500,4,450.0,1.22,1.2866666666666666,2.1,1.3033170803480565,199.95,0.0044444444444444,1.0,1.0,23,1.0,22,1.0,21
225,USC-01932,KO,w,200320_s3r1_Results.csv,Mean11,0.05,500,4,450.0,0.42,0.3633333333333333,74.95,0.9131100444190384,57.6,0.0066666666666666,1.0,1.0,23,1.0,22,1.0,21
226,USC-01932,KO,w,200320_s3r1_Results.csv,Mean12,0.05,500,4,450.0,0.3244444444444444,0.4833333333333333,2.0,1.1116093672147485,64.3,0.0044444444444444,1.0,1.0,23,1.0,22,1.0,21
227,USC-01932,KO,w,200320_s3r1_Results.csv,Mean13,0.05,500,4,450.0,0.4177777777777777,0.3699999999999999,105.9,1.0437903168298133,87.35000000000001,0.0044444444444444,1.0,1.0,23,1.0,22,1.0,21
228,USC-01932,KO,w,200320_s3r1_Results.csv,Mean14,0.05,500,4,450.0,0.9111111111111112,1.0366666666666666,5.825,1.1006422636785709,70.69000000000001,0.0111111111111111,1.0,1.0,23,1.0,22,1.0,21
229,USC-01932,KO,w,200320_s3r1_Results.csv,Mean15,0.05,500,4,450.0,0.3888888888888889,0.5099999999999999,143.25,1.0884396287623086,111.85,0.0044444444444444,1.0,1.0,23,1.0,22,1.0,21
230,USC-01932,KO,w,200320_s3r1_Results.csv,Mean16,0.05,500,4,450.0,0.9355555555555556,0.92,132.65,1.7055282569381935,152.1,0.0044444444444444,1.0,1.0,23,1.0,22,1.0,21
231,USC-01932,KO,w,200320_s3r1_Results.csv,Mean18,0.05,500,4,450.0,0.6844444444444444,0.4766666666666667,51.78333333333334,1.5580458670381772,47.6625,0.0088888888888888,1.0,1.0,23,1.0,22,1.0,21
232,USC-01932,KO,w,200320_s3r1_Results.csv,Mean19,0.05,500,4,450.0,0.6422222222222221,0.83,84.9,1.34886033991355,72.175,0.0066666666666666,1.0,1.0,23,1.0,22,1.0,21
233,USC-01932,KO,w,200320_s3r1_Results.csv,Mean20,0.05,500,4,450.0,1.402222222222222,1.2533333333333332,16.95,1.4832215563095503,16.925,0.0066666666666666,1.0,1.0,23,1.0,22,1.0,21
234,USC-01932,KO,w,200320_s3r1_Results.csv,Mean22,0.05,500,4,450.0,0.4755555555555555,0.2599999999999999,10.9625,1.074193112403537,28.690000000000005,0.0111111111111111,1.0,1.0,23,1.0,22,1.0,21
235,USC-01932,KO,w,200320_s3r1_Results.csv,Mean23,0.05,500,4,450.0,1.6266666666666665,1.4966666666666666,,1.81498682063512,,,1.0,1.0,23,,22,,21
236,USC-01932,KO,w,200320_s3r1_Results.csv,Mean25,0.05,500,4,450.0,0.5955555555555555,0.3599999999999999,73.375,1.2795785216271145,40.625,0.0066666666666666,1.0,1.0,23,1.0,22,1.0,21
237,USC-01932,KO,w,200320_s3r1_Results.csv,Mean26,0.05,500,4,450.0,1.4577777777777778,1.4099999999999997,3.0,1.5223948122125297,94.075,0.0066666666666666,1.0,1.0,23,1.0,22,1.0,21
238,USC-01932,KO,w,200320_s3r1_Results.csv,Mean27,0.05,500,4,450.0,1.0777777777777775,1.0799999999999998,95.75,2.048425713412154,73.375,0.0066666666666666,1.0,1.0,23,1.0,22,1.0,21
239,USC-01932,KO,w,200320_s3r1_Results.csv,Mean28,0.05,500,4,450.0,0.2844444444444444,0.4233333333333333,,1.236786469344609,94.6,0.0022222222222222,1.0,1.0,23,1.0,22,,21
240,USC-01932,KO,w,200320_s3r1_Results.csv,Mean3,0.05,500,4,450.0,0.62,0.59,11.9,0.8129963056614555,30.257142857142863,0.0155555555555555,1.0,1.0,23,1.0,22,1.0,21
241,USC-01932,KO,w,200320_s3r1_Results.csv,Mean30,0.05,500,4,450.0,0.4688888888888888,0.3633333333333333,1.95,1.2019201435621354,68.225,0.0044444444444444,1.0,1.0,23,1.0,22,1.0,21
242,USC-01932,KO,w,200320_s3r1_Results.csv,Mean4,0.05,500,4,450.0,0.691111111111111,0.5833333333333333,63.5,1.5158571013849378,27.15,0.0111111111111111,1.0,1.0,23,1.0,22,1.0,21
243,USC-01932,KO,w,200320_s3r1_Results.csv,Mean5,0.05,500,4,450.0,0.6222222222222221,0.5266666666666666,30.630000000000003,0.8289759740926388,33.95,0.0133333333333333,1.0,1.0,23,1.0,22,1.0,21
244,USC-01932,KO,w,200320_s3r1_Results.csv,Mean6,0.05,500,4,450.0,0.5688888888888889,0.3433333333333333,10.816666666666668,1.3473097988938274,22.508333333333336,0.0155555555555555,1.0,1.0,23,1.0,22,1.0,21
245,USC-01932,KO,w,200320_s3r1_Results.csv,Mean9,0.05,500,4,450.0,1.0133333333333332,0.8333333333333333,109.95,1.5286643256917922,143.175,0.0044444444444444,1.0,1.0,23,1.0,22,1.0,21
246,3708,KO,w,210218_s2r2_Results.csv,Mean1,0.05,500,4,450.0,0.4177777777777777,0.47,92.43333333333334,0.9892949838955634,43.71666666666667,0.0088888888888888,1.0,1.0,24,1.0,21,1.0,24
247,3708,KO,w,210218_s2r2_Results.csv,Mean10,0.05,500,4,450.0,0.5888888888888888,0.5833333333333333,32.9375,0.7355465088634268,50.750000000000014,0.0111111111111111,1.0,1.0,24,1.0,21,1.0,24
248,3708,KO,w,210218_s2r2_Results.csv,Mean11,0.05,500,4,450.0,0.851111111111111,0.8933333333333333,6.0,0.8089625570298565,43.66666666666666,0.0111111111111111,1.0,1.0,24,1.0,21,1.0,24
249,3708,KO,w,210218_s2r2_Results.csv,Mean13,0.05,500,4,450.0,1.3688888888888888,1.7199999999999998,9.990000000000002,1.3326962602938777,23.172222222222224,0.0244444444444444,1.0,1.0,24,1.0,21,1.0,24
250,3708,KO,w,210218_s2r2_Results.csv,Mean14,0.05,500,4,450.0,0.6488888888888888,0.8099999999999999,40.083333333333336,0.9314561491277726,22.76666666666667,0.0088888888888888,1.0,1.0,24,1.0,21,1.0,24
251,3708,KO,w,210218_s2r2_Results.csv,Mean15,0.05,500,4,450.0,0.9577777777777776,0.94,78.2,1.107757283273846,,,1.0,1.0,24,,21,1.0,24
252,3708,KO,w,210218_s2r2_Results.csv,Mean16,0.05,500,4,450.0,0.8177777777777778,0.9033333333333332,17.89375,0.9171128025300688,32.17142857142858,0.02,1.0,1.0,24,1.0,21,1.0,24
253,3708,KO,w,210218_s2r2_Results.csv,Mean17,0.05,500,4,450.0,0.5844444444444444,0.6966666666666667,44.5,1.0735481860041725,33.440000000000005,0.0133333333333333,1.0,1.0,24,1.0,21,1.0,24
254,3708,KO,w,210218_s2r2_Results.csv,Mean18,0.05,500,4,450.0,1.2555555555555555,1.24,75.10000000000001,1.598549697541677,,,1.0,1.0,24,,21,1.0,24
255,3708,KO,w,210218_s2r2_Results.csv,Mean19,0.05,500,4,450.0,0.902222222222222,0.93,17.8125,1.0019535963808155,34.41875,0.02,1.0,1.0,24,1.0,21,1.0,24
256,3708,KO,w,210218_s2r2_Results.csv,Mean2,0.05,500,4,450.0,1.7577777777777777,1.8033333333333332,4.0,1.8318598065593972,180.975,0.0066666666666666,1.0,1.0,24,1.0,21,1.0,24
257,3708,KO,w,210218_s2r2_Results.csv,Mean20,0.05,500,4,450.0,0.7044444444444444,0.7133333333333333,41.95,1.17260897981145,42.120000000000005,0.0133333333333333,1.0,1.0,24,1.0,21,1.0,24
258,3708,KO,w,210218_s2r2_Results.csv,Mean21,0.05,500,4,450.0,1.2133333333333334,1.2033333333333334,26.633333333333333,1.4574644899138007,79.225,0.0088888888888888,1.0,1.0,24,1.0,21,1.0,24
259,3708,KO,w,210218_s2r2_Results.csv,Mean22,0.05,500,4,450.0,0.9422222222222222,0.9633333333333334,20.03333333333333,1.0147204934305702,42.76666666666667,0.0155555555555555,1.0,1.0,24,1.0,21,1.0,24
260,3708,KO,w,210218_s2r2_Results.csv,Mean24,0.05,500,4,450.0,0.5644444444444444,0.7866666666666666,80.4,1.129514011635919,84.025,0.0044444444444444,1.0,1.0,24,1.0,21,1.0,24
261,3708,KO,w,210218_s2r2_Results.csv,Mean25,0.05,500,4,450.0,1.3866666666666665,1.7433333333333334,10.9,1.3620393780667823,26.293750000000003,0.0222222222222222,1.0,1.0,24,1.0,21,1.0,24
262,3708,KO,w,210218_s2r2_Results.csv,Mean26,0.05,500,4,450.0,0.5933333333333333,0.59,32.9375,0.7357275957502442,51.18000000000001,0.0111111111111111,1.0,1.0,24,1.0,21,1.0,24
263,3708,KO,w,210218_s2r2_Results.csv,Mean27,0.05,500,4,450.0,1.6266666666666665,1.7166666666666666,4.925000000000001,1.834139856366404,49.0,0.0066666666666666,1.0,1.0,24,1.0,21,1.0,24
264,3708,KO,w,210218_s2r2_Results.csv,Mean28,0.05,500,4,450.0,0.5844444444444444,0.6966666666666667,44.7,1.0727976834069546,33.24,0.0133333333333333,1.0,1.0,24,1.0,21,1.0,24
265,3708,KO,w,210218_s2r2_Results.csv,Mean3,0.05,500,4,450.0,0.7822222222222222,0.8333333333333333,29.46666666666667,0.8160152486674387,82.65,0.0088888888888888,1.0,1.0,24,1.0,21,1.0,24
266,3708,KO,w,210218_s2r2_Results.csv,Mean4,0.05,500,4,450.0,0.4111111111111111,0.4633333333333332,92.43333333333334,0.9900021677489046,43.71666666666667,0.0088888888888888,1.0,1.0,24,1.0,21,1.0,24
267,3708,KO,w,210218_s2r2_Results.csv,Mean5,0.05,500,4,450.0,1.1733333333333331,1.4166666666666663,19.925,1.3225484118111726,49.15,0.0111111111111111,1.0,1.0,24,1.0,21,1.0,24
268,3708,KO,w,210218_s2r2_Results.csv,Mean7,0.05,500,4,450.0,1.5555555555555556,1.653333333333333,1.8,1.5005596465390278,,,1.0,1.0,24,,21,1.0,24
269,3708,KO,w,210218_s2r2_Results.csv,Mean9,0.05,500,4,450.0,1.6666666666666663,1.7999999999999998,3.1,1.54134166095696,94.175,0.0088888888888888,1.0,1.0,24,1.0,21,1.0,24
270,3705,KO,m,210219_s2r2_Results.csv,Mean10,0.05,500,4,450.0,1.0177777777777777,1.12,5.7125,0.9826604429098156,90.6,0.0111111111111111,1.0,1.0,10,1.0,7,1.0,7
271,3705,KO,m,210219_s2r2_Results.csv,Mean12,0.05,500,4,450.0,0.6822222222222222,0.7166666666666667,16.016666666666666,0.9082663290409224,85.08333333333333,0.0088888888888888,1.0,1.0,10,1.0,7,1.0,7
272,3705,KO,m,210219_s2r2_Results.csv,Mean13,0.05,500,4,450.0,0.94,0.9533333333333334,26.05,1.0477582051511964,366.2000000000001,0.0044444444444444,1.0,1.0,10,1.0,7,1.0,7
273,3705,KO,m,210219_s2r2_Results.csv,Mean14,0.05,500,4,450.0,1.1088888888888888,1.163333333333333,,1.1099966566365762,,,1.0,1.0,10,,7,,7
274,3705,KO,m,210219_s2r2_Results.csv,Mean16,0.05,500,4,450.0,0.7644444444444444,0.8999999999999999,,1.3923279886340572,246.35,0.0022222222222222,1.0,1.0,10,1.0,7,,7
275,3705,KO,m,210219_s2r2_Results.csv,Mean19,0.05,500,4,450.0,1.6311111111111112,1.66,2.6,1.6182475726691594,,,1.0,1.0,10,,7,1.0,7
276,3705,KO,m,210219_s2r2_Results.csv,Mean20,0.05,500,4,450.0,1.1488888888888888,1.0233333333333332,29.0,1.3435171093077158,88.97500000000001,0.0066666666666666,1.0,1.0,10,1.0,7,1.0,7
277,3705,KO,m,210219_s2r2_Results.csv,Mean21,0.05,500,4,450.0,0.5644444444444444,0.5266666666666666,49.35,0.8669725218353171,28.0875,0.0111111111111111,1.0,1.0,10,1.0,7,1.0,7
278,3705,KO,m,210219_s2r2_Results.csv,Mean23,0.05,500,4,450.0,0.8888888888888888,0.8166666666666667,2.4833333333333334,1.094562140978494,101.85,0.0088888888888888,1.0,1.0,10,1.0,7,1.0,7
279,3705,KO,m,210219_s2r2_Results.csv,Mean9,0.05,500,4,450.0,1.462222222222222,1.4599999999999995,,1.4621119394681206,,,1.0,1.0,10,,7,,7
280,3890,KO,m,210315_s1r2_Results.csv,Mean1,0.05,500,4,450.0,0.8533333333333333,0.8666666666666667,,0.8535770002228661,,,1.0,1.0,15,,4,,6
281,3890,KO,m,210315_s1r2_Results.csv,Mean15,0.05,500,4,450.0,1.131111111111111,1.2166666666666666,5.177272727272728,1.330340621832638,24.477272727272727,0.0266666666666666,1.0,1.0,15,1.0,4,1.0,6
282,3890,KO,m,210315_s1r2_Results.csv,Mean16,0.05,500,4,450.0,1.622222222222222,1.6266666666666665,,1.622523926107278,,,1.0,1.0,15,,4,,6
283,3890,KO,m,210315_s1r2_Results.csv,Mean17,0.05,500,4,450.0,1.4466666666666663,1.3433333333333333,17.333333333333336,1.4783426623943856,89.42500000000001,0.0088888888888888,1.0,1.0,15,1.0,4,1.0,6
284,3890,KO,m,210315_s1r2_Results.csv,Mean18,0.05,500,4,450.0,1.7533333333333334,1.7233333333333334,2.95,1.7630018485553705,,,1.0,1.0,15,,4,1.0,6
285,3890,KO,m,210315_s1r2_Results.csv,Mean2,0.05,500,4,450.0,1.1488888888888888,1.1566666666666665,,1.1488366915284427,,,1.0,1.0,15,,4,,6
286,3890,KO,m,210315_s1r2_Results.csv,Mean20,0.05,500,4,450.0,1.362222222222222,1.143333333333333,23.03333333333333,1.5807569905341765,67.21666666666668,0.0088888888888888,1.0,1.0,15,1.0,4,1.0,6
287,3890,KO,m,210315_s1r2_Results.csv,Mean23,0.05,500,4,450.0,1.0866666666666664,1.1133333333333333,1.8,1.0798448641608664,,,1.0,1.0,15,,4,1.0,6
288,3890,KO,m,210315_s1r2_Results.csv,Mean24,0.05,500,4,450.0,0.8555555555555555,0.8599999999999999,,0.8559010364426612,,,1.0,1.0,15,,4,,6
289,3890,KO,m,210315_s1r2_Results.csv,Mean26,0.05,500,4,450.0,2.057777777777777,2.083333333333333,,2.059674905366288,,,1.0,1.0,15,,4,,6
290,3890,KO,m,210315_s1r2_Results.csv,Mean4,0.05,500,4,450.0,1.6955555555555553,1.7199999999999998,,1.6971046770601337,,,1.0,1.0,15,,4,,6
291,3890,KO,m,210315_s1r2_Results.csv,Mean5,0.05,500,4,450.0,1.6377777777777776,1.61,,1.6470059543871476,,,1.0,1.0,15,,4,,6
292,3890,KO,m,210315_s1r2_Results.csv,Mean6,0.05,500,4,450.0,1.4444444444444442,1.4899999999999998,,1.4436658881103326,,,1.0,1.0,15,,4,,6
293,3890,KO,m,210315_s1r2_Results.csv,Mean7,0.05,500,4,450.0,0.5533333333333332,0.7466666666666667,48.725,1.317645231241093,56.01666666666667,0.0066666666666666,1.0,1.0,15,1.0,4,1.0,6
294,3890,KO,m,210315_s1r2_Results.csv,Mean8,0.05,500,4,450.0,1.6311111111111112,1.663333333333333,,1.6323349292951783,,,1.0,1.0,15,,4,,6
295,4022,KO,m,210520_s1r2_Results.csv,Mean1,0.05,500,4,450.0,0.7155555555555555,0.4966666666666666,268.95,1.5425637471749312,,,,1.0,9,,8,1.0,9
296,4022,KO,m,210520_s1r2_Results.csv,Mean11,0.05,500,4,450.0,0.5666666666666667,0.6,41.2,1.629521479943578,24.6,0.0111111111111111,,1.0,9,1.0,8,1.0,9
297,4022,KO,m,210520_s1r2_Results.csv,Mean12,0.05,500,4,450.0,2.3044444444444445,2.42,6.300000000000001,2.2312408939467234,106.05,0.0111111111111111,,1.0,9,1.0,8,1.0,9
298,4022,KO,m,210520_s1r2_Results.csv,Mean13,0.05,500,4,450.0,1.98,1.9666666666666663,5.683333333333334,1.9043136207618068,128.425,0.0088888888888888,,1.0,9,1.0,8,1.0,9
299,4022,KO,m,210520_s1r2_Results.csv,Mean3,0.05,500,4,450.0,1.7133333333333334,1.5766666666666669,46.3,2.064973316979988,8.975,0.0088888888888888,,1.0,9,1.0,8,1.0,9
300,4022,KO,m,210520_s1r2_Results.csv,Mean4,0.05,500,4,450.0,1.7177777777777776,1.95,24.540000000000003,2.561676512715388,52.45,0.0133333333333333,,1.0,9,1.0,8,1.0,9
301,4022,KO,m,210520_s1r2_Results.csv,Mean6,0.05,500,4,450.0,1.3688888888888888,1.4,7.9,1.430841705329026,61.63333333333333,0.0111111111111111,,1.0,9,1.0,8,1.0,9
302,4022,KO,m,210520_s1r2_Results.csv,Mean7,0.05,500,4,450.0,0.7733333333333333,0.65,46.1375,1.2256749512095269,34.76666666666667,0.0111111111111111,,1.0,9,1.0,8,1.0,9
303,4022,KO,m,210520_s1r2_Results.csv,Mean8,0.05,500,4,450.0,1.342222222222222,1.39,7.9,1.3982683237780624,61.63333333333333,0.0111111111111111,,1.0,9,1.0,8,1.0,9
304,4022,KO,m,210520_s2r2_Results.csv,Mean10,0.05,500,4,450.0,0.9155555555555556,0.97,9.770833333333334,1.1705581494172936,24.391666666666666,0.0288888888888888,,1.0,7,1.0,5,1.0,6
305,4022,KO,m,210520_s2r2_Results.csv,Mean11,0.05,500,4,450.0,1.1044444444444443,1.3833333333333333,35.9,1.1454266069527217,24.675,0.0066666666666666,,1.0,7,1.0,5,1.0,6
306,4022,KO,m,210520_s2r2_Results.csv,Mean13,0.05,500,4,450.0,0.2933333333333333,0.2933333333333333,114.66666666666669,0.8209434323351189,21.816666666666663,0.0088888888888888,,1.0,7,1.0,5,1.0,6
307,4022,KO,m,210520_s2r2_Results.csv,Mean14,0.05,500,4,450.0,2.013333333333333,2.1333333333333333,,2.014468558708959,,,,1.0,7,,5,,6
308,4022,KO,m,210520_s2r2_Results.csv,Mean18,0.05,500,4,450.0,0.9444444444444444,0.7599999999999999,152.55,1.3766540379092116,,,,1.0,7,,5,1.0,6
309,4022,KO,m,210520_s2r2_Results.csv,Mean3,0.05,500,4,450.0,1.0444444444444445,1.0433333333333332,2.6,1.058739840654748,70.35000000000001,0.0066666666666666,,1.0,7,1.0,5,1.0,6
310,4022,KO,m,210520_s2r2_Results.csv,Mean7,0.05,500,4,450.0,1.0066666666666666,1.0066666666666666,4.94,1.0420874605919523,36.3,0.0244444444444444,,1.0,7,1.0,5,1.0,6
